Funeral Home,Clean FH name for LP,URL param,,Landing Page Built,Buttons Completed,Zap,Mailchimp Template,Mailchimp Audience,Mailchimp complete,Mailchimp Audience name,Mailchimp Audience Id,New Landing page name,Form code added,Page Published in Leadpages,Page switched in Wordpress,Notes,,2022 Landing page Address,new lp core url,2023 NEW LP URL,Account Owner,Campaign Name,Campaign ID,NEW campaign ID,Counselor (Contact + Lead Owner),Contact ID,Lead Owner ID,Account ID,L2P?,Logo link,Logo above header,Header Link,Video Embed code,Email Customizations,Drop Down Customizations,LP Customizations,Automation Customizations,CC'd on Emails,Account Website,zapier identifier,Notes,Tested?,tested by,
A Simple Service Burial & Cremation- Lancaster,A Simple Service Burial & Cremation,3,,✅,✅,,✅,✅,✅,A Simple Service- Landing Page,b874947c15,,,,✅,,,http://preplanafuneral.com/asimpleservice,http://info.preplanafuneral.com/getstarted?client_code=,http://info.preplanafuneral.com/getstarted?client_code=3,Suzanne Lundin,Internet Campaign - A Simple Service - Lancaster,7010B000001ly5E,7014O000001Tgx1QAC,Renae Brown,0034O000030e4eu,0054O000008wbM5,001U000000h90Gj,,https://info.preplanafuneral.com/rs/852-LNK-689/images/A%20Simple%20Service%20Logo%20Transparent.png,,https://info.preplanafuneral.com/rs/852-LNK-689/images/a.simple.service..png,"<div style=""padding:56.25% 0 0 0;position:relative;""><iframe src=""https://player.vimeo.com/video/823826592?h=bc453c71fe&amp;badge=0&amp;autopause=0&amp;player_id=0&amp;app_id=58479"" frameborder=""0"" allow=""autoplay; fullscreen; picture-in-picture"" allowfullscreen style=""position:absolute;top:0;left:0;width:100%;height:100%;"" title=""Preplanning Video""></iframe></div><script src=""https://player.vimeo.com/api/player.js""></script>",,,,,,https://www.asimpleservice.com/,a-simple-service,,TRUE,Casey,
Alexander Funeral Home - Lafayette,Alexander Funeral Home,5,,✅,✅,,✅,✅,✅,Alexander- Landing Page V2,1f15bb1cd0,,,,✅,Video Unavailable,,http://preplanafuneral.com/alexander,http://info.preplanafuneral.com/getstarted?client_code=,http://info.preplanafuneral.com/getstarted?client_code=5,Sabrina Simmons,Internet Campaign - Alexander Funeral Home,701U0000000CI5F,7014O000001Th5lQAC,Sebrina Westjohn,0034O000035L8P6QAK,0054O000009hNnEQAU,001U000000EiY0U,,https://info.preplanafuneral.com/rs/852-LNK-689/images/Sellars%20Banner%20HOME%20-%20White.jpg,,https://info.preplanafuneral.com/rs/852-LNK-689/images/alexanderheader.png,"<div style=""padding:56.25% 0 0 0;position:relative;""><iframe src=""https://player.vimeo.com/video/823826592?h=bc453c71fe&amp;badge=0&amp;autopause=0&amp;player_id=0&amp;app_id=58479"" frameborder=""0"" allow=""autoplay; fullscreen; picture-in-picture"" allowfullscreen style=""position:absolute;top:0;left:0;width:100%;height:100%;"" title=""Preplanning Video""></iframe></div><script src=""https://player.vimeo.com/api/player.js""></script>",,,,,,http://www.alexanderfh.com/,,,TRUE,Casey,
Blyth- Greenwood,Blyth Funeral Home and Cremation Services,7,,,,,,,,,,,,,,,,https://preplanafuneral.com/blyth,http://info.preplanafuneral.com/getstarted?client_code=,http://info.preplanafuneral.com/getstarted?client_code=7,Suzanne Lundin,Internet Campaign- Blyth Funeral Home,,7014O000001qGdF,Tim Haynes,0034O00002oNyPz,0054O000009hgPa,0010B000024b56m,,https://info.preplanafuneral.com/rs/852-LNK-689/images/_Blyth%20Funeral%20Home.png,,https://info.preplanafuneral.com/rs/852-LNK-689/images/Blyth-header.png,"<div style=""padding:56.25% 0 0 0;position:relative;""><iframe src=""https://player.vimeo.com/video/823826592?h=bc453c71fe&amp;badge=0&amp;autopause=0&amp;player_id=0&amp;app_id=58479"" frameborder=""0"" allow=""autoplay; fullscreen; picture-in-picture"" allowfullscreen style=""position:absolute;top:0;left:0;width:100%;height:100%;"" title=""Preplanning Video""></iframe></div><script src=""https://player.vimeo.com/api/player.js""></script>",Indiviual emails with LP dropdown options- zap pathways,"Traditional Burial# Cremation# Cemetery Information# Traditional Burial and Cremation# Traditional Burial, Cremation, and Cemetery Information ",,,,,,dropdown still messed up 5/30,FALSE,Casey,
Caldwell Parrish Funeral Home & Crematory-Urbandale,Caldwell Parrish Funeral Home & Crematory,8,,,,,,,,,,,,,,,,https://preplanafuneral.com/caldwellparrish,http://info.preplanafuneral.com/getstarted?client_code=,http://info.preplanafuneral.com/getstarted?client_code=8,Caryl Jermier,Internet Campaign- Caldwell Parrish Funeral Home,701U0000001EM5e,7014O000001qGdr,Shannon Heinen,0030B000025oecQQAQ,0054O0000091SbT,001U000001e84IX,yes,https://info.preplanafuneral.com/rs/852-LNK-689/images/Caldwell%20Parrish%20Logo.jpg,,https://info.preplanafuneral.com/rs/852-LNK-689/images/Caldwell.header.png,"<div style=""padding:56.25% 0 0 0;position:relative;""><iframe src=""https://player.vimeo.com/video/823826592?h=bc453c71fe&amp;badge=0&amp;autopause=0&amp;player_id=0&amp;app_id=58479"" frameborder=""0"" allow=""autoplay; fullscreen; picture-in-picture"" allowfullscreen style=""position:absolute;top:0;left:0;width:100%;height:100%;"" title=""Preplanning Video""></iframe></div><script src=""https://player.vimeo.com/api/player.js""></script>",,,,round robin w/ PK,,,,,TRUE,Casey,
,,,,,,,,,,,,,,,,,,,,,,,,,PK Christopherson,0034O000036iTI0QAM,,,yes,,,,,,,,,,,,,TRUE,Casey,
Cotter Funeral and Cremation Care - De Pere,Cotter Funeral and Cremation Care,11,,✅,✅,,✅,✅,✅,Cotter- Landing Page,129b0d945d,,,,✅,,,http://preplanafuneral.com/cotter,http://info.preplanafuneral.com/getstarted?client_code=,http://info.preplanafuneral.com/getstarted?client_code=11,Caryl Jermier,Internet Campaign - Cotter Funeral Homes & Crematory,7014O000001h4Rt,7014O000001qGdz,Dana Paler,0034O00002xDzm9,0054O00000A8dvA,0014O000026Ao0T,,https://info.preplanafuneral.com/rs/852-LNK-689/images/Cotter%20funeral%20and%20cremation%20care.jpeg,,https://info.preplanafuneral.com/rs/852-LNK-689/images/Cotter.header.png,"<div style=""padding:56.25% 0 0 0;position:relative;""><iframe src=""https://player.vimeo.com/video/823826592?h=bc453c71fe&amp;badge=0&amp;autopause=0&amp;player_id=0&amp;app_id=58479"" frameborder=""0"" allow=""autoplay; fullscreen; picture-in-picture"" allowfullscreen style=""position:absolute;top:0;left:0;width:100%;height:100%;"" title=""Preplanning Video""></iframe></div><script src=""https://player.vimeo.com/api/player.js""></script>",,,,,,www.cotterfuneralhome.com,,,TRUE,,
Forbis & Dick Funeral Service - North Elm Chapel,Forbis & Dick Funeral Service - North Elm Chapel,12,,✅,✅,,✅,✅,✅,Forbis and Dick (North Elm)- Landing Page,90803482c8,,,,✅,,,www.preplanafuneral.com/forbisanddick,http://info.preplanafuneral.com/getstarted?client_code=,http://info.preplanafuneral.com/getstarted?client_code=12,Suzanne Lundin,Internet Campaign - Forbis & Dick,701U0000001EG3X,7014O000001qGdc,Brad Steele,0030B00002S27xc,0054O0000091UNT,001U000000mriY8,yes,https://info.preplanafuneral.com/rs/852-LNK-689/images/Forbis%20%26%20Dick%20Logo-%20Color.jpg,https://info.preplanafuneral.com/rs/852-LNK-689/images/Forbis%20%26%20Dick%20Logo-%20Color.jpg,https://info.preplanafuneral.com/rs/852-LNK-689/images/Forbis%26Dick.header.png,"<div style=""padding:56.25% 0 0 0;position:relative;""><iframe src=""https://player.vimeo.com/video/823826592?h=bc453c71fe&amp;badge=0&amp;autopause=0&amp;player_id=0&amp;app_id=58479"" frameborder=""0"" allow=""autoplay; fullscreen; picture-in-picture"" allowfullscreen style=""position:absolute;top:0;left:0;width:100%;height:100%;"" title=""Preplanning Video""></iframe></div><script src=""https://player.vimeo.com/api/player.js""></script>",,,,,,www.forbisanddick.com,forbis-dick-fh,,TRUE,,
Heritage Funeral & Cremation Services - Weddington,Heritage Funeral & Cremation Services,17,,✅,✅,,✅,✅,✅,Heritage Weddington- Landing Page,f675c5a406,,,,✅,,,http://preplanafuneral.com/heritage,http://info.preplanafuneral.com/getstarted?client_code=,http://info.preplanafuneral.com/getstarted?client_code=17,Caryl Jermier,Internet Campaign - Heritage Funeral & Cremation Services - Weddington,7010B000001RbIU,7014O000001qGdn,David Murray,0034O00002saOns,0054O000009Gz1JQAS,0010B00001ow1Xn,removed,https://info.preplanafuneral.com/rs/852-LNK-689/images/HeritageFH.jpg,https://info.preplanafuneral.com/rs/852-LNK-689/images/HeritageFH.jpg,https://info.preplanafuneral.com/rs/852-LNK-689/images/Heritage-Weddington.header.png,"<div style=""padding:56.25% 0 0 0;position:relative;""><iframe src=""https://player.vimeo.com/video/823826592?h=bc453c71fe&amp;badge=0&amp;autopause=0&amp;player_id=0&amp;app_id=58479"" frameborder=""0"" allow=""autoplay; fullscreen; picture-in-picture"" allowfullscreen style=""position:absolute;top:0;left:0;width:100%;height:100%;"" title=""Preplanning Video""></iframe></div><script src=""https://player.vimeo.com/api/player.js""></script>",,,,,,http://www.heritagefuneral.net,,,TRUE,,
Hindt & Hindt-Hudek Funeral Homes - Spring Valley (Second Location),Hindt & Hindt-Hudek Funeral Homes,18,,✅,✅,,✅,✅,✅,Hindt & Hindt-Hudek - Landing Page,d122ea5170,,,,✅,ask casey about location,,http://preplanafuneral.com/hindthudek,http://info.preplanafuneral.com/getstarted?client_code=,http://info.preplanafuneral.com/getstarted?client_code=18,Caryl Jermier,Internet Campaign - Hindt & Hindt-Hudek Funeral Home,7010B000001lxep,7014O000001qGdR,Nicole Johnson,0034O00002VKvQL,0054O0000091v3L,0010B0000208xqa,,https://info.preplanafuneral.com/rs/852-LNK-689/images/Hindt-Hudek%20Funeral%20Homes%20logo%20%281%29.jpg,,https://info.preplanafuneral.com/rs/852-LNK-689/images/Hindt.header.jpg,"<div style=""padding:56.25% 0 0 0;position:relative;""><iframe src=""https://player.vimeo.com/video/823826592?h=bc453c71fe&amp;badge=0&amp;autopause=0&amp;player_id=0&amp;app_id=58479"" frameborder=""0"" allow=""autoplay; fullscreen; picture-in-picture"" allowfullscreen style=""position:absolute;top:0;left:0;width:100%;height:100%;"" title=""Preplanning Video""></iframe></div><script src=""https://player.vimeo.com/api/player.js""></script>",,,,,,www.hindtfuneralhomes.com,,,TRUE,,
Kerr Brothers Funeral Home - Harrodsburg Rd - Lexington,Kerr Brothers Funeral Home,26,,✅,✅,,✅,✅,✅,Kerr (Harrodsburg Rd)- Landing Page,ed6fe0a3c1,,,"3 Buttons- TB, Cremation, POM Kit",✅,,,www.preplanafuneral.com/kerrbrothers,http://info.preplanafuneral.com/getstarted?client_code=,http://info.preplanafuneral.com/getstarted?client_code=26,Sabrina Simmons,Internet Campaign - Kerr Brothers,701U0000000CICa,7014O000001qGck,Kelly S Mead,003U000001T0BDs,003U000001T0BDs,001U000000VUicO,,https://info.preplanafuneral.com/rs/852-LNK-689/images/Kerr%20Brothers%20Logo%20no%201905.jpeg,,https://info.preplanafuneral.com/rs/852-LNK-689/images/kerrbros.header.jpg,"<div style=""padding:56.25% 0 0 0;position:relative;""><iframe src=""https://player.vimeo.com/video/823837336?h=bdcc382d01&amp;badge=0&amp;autopause=0&amp;player_id=0&amp;app_id=58479"" frameborder=""0"" allow=""autoplay; fullscreen; picture-in-picture"" allowfullscreen style=""position:absolute;top:0;left:0;width:100%;height:100%;"" title=""Kerr Brothers Funeral Home Preplanning Video""></iframe></div><script src=""https://player.vimeo.com/api/player.js""></script>","3 Buttons- TB, Cremation, Life Planning Guide",,custom video,,,http://www.kerrbrothersfuneralhome.com,kerr-brothers-fh,,TRUE,,
Lowe Funeral Home - Burlington,Lowe Funeral Home,30,,✅,✅,,✅,✅,✅,Lowe- Landing Page,1b9e9bad4a,,,,✅,video unavailable,,www.preplanafuneral.com/lowe,http://info.preplanafuneral.com/getstarted?client_code=,http://info.preplanafuneral.com/getstarted?client_code=30,Suzanne Lundin,Internet Campaign - Lowe Funeral Home,701U0000000CJFf,7014O000001qGdf,Jimmy Sawyer,0030B00002643kz,0054O0000091V3Z,001U000000ijKuc,,https://info.preplanafuneral.com/rs/852-LNK-689/images/Lowe%20Logo.png,https://info.preplanafuneral.com/rs/852-LNK-689/images/Lowe%20Logo.png,https://info.preplanafuneral.com/rs/852-LNK-689/images/Lowe_LP_.jpg,"<div style=""padding:56.25% 0 0 0;position:relative;""><iframe src=""https://player.vimeo.com/video/823826592?h=bc453c71fe&amp;badge=0&amp;autopause=0&amp;player_id=0&amp;app_id=58479"" frameborder=""0"" allow=""autoplay; fullscreen; picture-in-picture"" allowfullscreen style=""position:absolute;top:0;left:0;width:100%;height:100%;"" title=""Preplanning Video""></iframe></div><script src=""https://player.vimeo.com/api/player.js""></script>",,,,,,www.lowefuneralhome.com,lowe-fh,,TRUE,,
Mclean Funeral Directors- Gastonia,Mclean Funeral Directors,32,,,,,,,,,,,,,,,,https://preplanafuneral.com/mclean,http://info.preplanafuneral.com/getstarted?client_code=,http://info.preplanafuneral.com/getstarted?client_code=32,Suzanne Lundin,Internet Campaign - McLean,701U00000007qOi,7014O000001qGdd,Sarah Levy,0034O00002ZkvtR,0054O000009hmWT,001U000000h905e,yes,https://info.preplanafuneral.com/rs/852-LNK-689/images/McLean%20Logo.jpg,https://info.preplanafuneral.com/rs/852-LNK-689/images/McLean%20Logo.jpg,https://info.preplanafuneral.com/rs/852-LNK-689/images/McLean.header.png,"<div style=""padding:56.25% 0 0 0;position:relative;""><iframe src=""https://player.vimeo.com/video/823826592?h=bc453c71fe&amp;badge=0&amp;autopause=0&amp;player_id=0&amp;app_id=58479"" frameborder=""0"" allow=""autoplay; fullscreen; picture-in-picture"" allowfullscreen style=""position:absolute;top:0;left:0;width:100%;height:100%;"" title=""Preplanning Video""></iframe></div><script src=""https://player.vimeo.com/api/player.js""></script>",,,,,,,,,TRUE,,
McNutt Funeral Home - Conroe,McNutt Funeral Home,33,,✅,✅,,✅,✅,✅,McNutt- Landing Page,e80e813421,,,,✅,,,http://preplanafuneral.com/mcnuttconroe,http://info.preplanafuneral.com/getstarted?client_code=,http://info.preplanafuneral.com/getstarted?client_code=33,Caryl Jermier,Internet Campaign - McNutt Funeral Homes - Conroe,7014O000001JA39,7014O000001qGeD,Sherri Mullins,0034O00002mykVN,0054O000009hXLy,0014O000026PCg5,,https://info.preplanafuneral.com/rs/852-LNK-689/images/MCNUT%20LOGO.jpg,,https://info.preplanafuneral.com/rs/852-LNK-689/images/McNutt.header.png,"<div style=""padding:56.25% 0 0 0;position:relative;""><iframe src=""https://player.vimeo.com/video/823826592?h=bc453c71fe&amp;badge=0&amp;autopause=0&amp;player_id=0&amp;app_id=58479"" frameborder=""0"" allow=""autoplay; fullscreen; picture-in-picture"" allowfullscreen style=""position:absolute;top:0;left:0;width:100%;height:100%;"" title=""Preplanning Video""></iframe></div><script src=""https://player.vimeo.com/api/player.js""></script>",,,,,,www.mcnuttfuneralhome.com,,,TRUE,,
McReynolds Nave & Larson Funeral Home - Clarksville,McReynolds Nave & Larson Funeral Home,34,,✅,✅,,✅,✅,✅,"McReynolds, Nave & Larson- Landing Page",6bcf925a2f,,,,✅,Tom creech - counselor,,www.preplanafuneral.com/mnl,http://info.preplanafuneral.com/getstarted?client_code=,http://info.preplanafuneral.com/getstarted?client_code=34,Sabrina Simmons,Internet Campaign - Mcreynolds Nave Larson,701U0000000CJUf,7014O000001qGcm,Tom Creech,003U000000r9OCC,0054O000008r18A,001U0000006gRvz,,https://info.preplanafuneral.com/rs/852-LNK-689/images/McReynolds%20Nave%20Larson%20Logo.jpg,,https://info.preplanafuneral.com/rs/852-LNK-689/images/MNL.header.png,"<div style=""padding:56.25% 0 0 0;position:relative;""><iframe src=""https://player.vimeo.com/video/823826592?h=bc453c71fe&amp;badge=0&amp;autopause=0&amp;player_id=0&amp;app_id=58479"" frameborder=""0"" allow=""autoplay; fullscreen; picture-in-picture"" allowfullscreen style=""position:absolute;top:0;left:0;width:100%;height:100%;"" title=""Preplanning Video""></iframe></div><script src=""https://player.vimeo.com/api/player.js""></script>",,,,,,www.navefuneralhomes.com,mcreynolds-nave-larson-fh,,TRUE,,
Memorial Park Funeral Home & Cemeteries- Gainsville,Memorial Park Funeral Home & Cemeteries,37,,✅,✅,,✅,✅,✅,Memorial Park- Landing Page,9ac1f4a86a,,,,✅,,,http://preplanafuneral.com/memorialpark,http://info.preplanafuneral.com/getstarted?client_code=,http://info.preplanafuneral.com/getstarted?client_code=37,Julian Ward,Internet Campaign - Memorial Park Funeral Home,7010B000001m0zq,7014O000001qGdh,Danny Faulkner,0030B00002GLxei,0054O000008r18A,001U000001fldUS,,https://info.preplanafuneral.com/rs/852-LNK-689/images/Memorial%20Park%20Logo.png,,https://info.preplanafuneral.com/rs/852-LNK-689/images/Memorial.Park.header.png,"<div style=""padding:56.25% 0 0 0;position:relative;""><iframe src=""https://player.vimeo.com/video/823826592?h=bc453c71fe&amp;badge=0&amp;autopause=0&amp;player_id=0&amp;app_id=58479"" frameborder=""0"" allow=""autoplay; fullscreen; picture-in-picture"" allowfullscreen style=""position:absolute;top:0;left:0;width:100%;height:100%;"" title=""Preplanning Video""></iframe></div><script src=""https://player.vimeo.com/api/player.js""></script>",,,,,,memorialparkfuneralhomes.com,,,TRUE,,
Moore Funeral Service - Hattiesburg,Moore Funeral Service,38,,✅,✅,,✅,✅,✅,Moore- Landing Page,617af85c8a,,,,✅,No logo on email,,www.preplanafuneral.com/moore,http://info.preplanafuneral.com/getstarted?client_code=,http://info.preplanafuneral.com/getstarted?client_code=38,Beau Jarrell,Internet Campaign - Moore Funeral Service,701U00000007phg,7014O000001qGcn,Lashearer Merchant,003U000001T0HbJ,0054O000008r18A,001U000000EiZjP,,https://info.preplanafuneral.com/rs/852-LNK-689/images/Moore%20FH%20Green%20Logo.png,,https://info.preplanafuneral.com/rs/852-LNK-689/images/Moore.header.png,"<div style=""padding:56.25% 0 0 0;position:relative;""><iframe src=""https://player.vimeo.com/video/823838934?h=61c6c6f5c8&amp;badge=0&amp;autopause=0&amp;player_id=0&amp;app_id=58479"" frameborder=""0"" allow=""autoplay; fullscreen; picture-in-picture"" allowfullscreen style=""position:absolute;top:0;left:0;width:100%;height:100%;"" title=""Moore Funeral Service Preplanning Video""></iframe></div><script src=""https://player.vimeo.com/api/player.js""></script>",,,custom video,,,http://www.moorefuneralservices.com,moore-funeral-service,,TRUE,,
Parrish Funeral Home - Selma,Parrish Funeral Home,44,,✅,✅,,✅,✅,✅,Parrish- Landing Page,30e36442ad,,,,✅,,,www.preplanafuneral.com/parrish,http://info.preplanafuneral.com/getstarted?client_code=,http://info.preplanafuneral.com/getstarted?client_code=44,Suzanne Lundin,Internet Campaign - Parrish Funeral Home,701U00000007pne,7014O000001qGde,Megan P. Southerland,003U000000zlDgD,0054O000008r18A,001U000000gMivt,,https://info.preplanafuneral.com/rs/852-LNK-689/images/Parrish%20Logo.png,https://info.preplanafuneral.com/rs/852-LNK-689/images/Parrish%20Logo.png,https://info.preplanafuneral.com/rs/852-LNK-689/images/Parrish.header.png,"<div style=""padding:56.25% 0 0 0;position:relative;""><iframe src=""https://player.vimeo.com/video/823841866?h=bd98f71b6c&amp;badge=0&amp;autopause=0&amp;player_id=0&amp;app_id=58479"" frameborder=""0"" allow=""autoplay; fullscreen; picture-in-picture"" allowfullscreen style=""position:absolute;top:0;left:0;width:100%;height:100%;"" title=""Parrish Funeral Home Preplanning Video""></iframe></div><script src=""https://player.vimeo.com/api/player.js""></script>",,,custom video,,,www.parrishfh.com,parrish-fh-selma,Needs new video,TRUE,,
Powers Funeral Home,Powers Funeral Home,46,,✅,✅,✅,✅,✅,✅,Powers - Landing Page,c939c177fb,,,,,,,https://preplanafuneral.com/powers,http://info.preplanafuneral.com/getstarted?client_code=,http://info.preplanafuneral.com/getstarted?client_code=46,Suzanne Lundin,Internet Campaign- Powers Funeral Home,7010B000001lh9w,7014O000001qGdQ,Ben Hood,0034O00002dZ3ZX,0054O000006tZxr,0010B0000208xhZ,,https://info.preplanafuneral.com/rs/852-LNK-689/images/Powers%20Logo%20from%20FB%20%281%29.png,,https://info.preplanafuneral.com/rs/852-LNK-689/images/Powers.header.png,"<div style=""padding:56.25% 0 0 0;position:relative;""><iframe src=""https://player.vimeo.com/video/823826592?h=bc453c71fe&amp;badge=0&amp;autopause=0&amp;player_id=0&amp;app_id=58479"" frameborder=""0"" allow=""autoplay; fullscreen; picture-in-picture"" allowfullscreen style=""position:absolute;top:0;left:0;width:100%;height:100%;"" title=""Preplanning Video""></iframe></div><script src=""https://player.vimeo.com/api/player.js""></script>",,,,,,,,,TRUE,,
Radney Funeral Home - Alexander City,Radney Funeral Home,48,,✅,✅,,✅,✅,✅,Radney- Landing Page,a186f3feba,,,,✅,,,http://preplanafuneral.com/radney,http://info.preplanafuneral.com/getstarted?client_code=,http://info.preplanafuneral.com/getstarted?client_code=48,Benji Cumbie,Internet Campaign - Radney Funeral Home,7010B000001lhos,,Kim Anderson,0030B00002F7d2J,0054O000008r18A,0010B0000208xha,,https://info.preplanafuneral.com/rs/852-LNK-689/images/Radney%20-%20full%20color.jpg,,https://info.preplanafuneral.com/rs/852-LNK-689/images/Radney.header.png,"<div style=""padding:56.25% 0 0 0;position:relative;""><iframe src=""https://player.vimeo.com/video/823826592?h=bc453c71fe&amp;badge=0&amp;autopause=0&amp;player_id=0&amp;app_id=58479"" frameborder=""0"" allow=""autoplay; fullscreen; picture-in-picture"" allowfullscreen style=""position:absolute;top:0;left:0;width:100%;height:100%;"" title=""Preplanning Video""></iframe></div><script src=""https://player.vimeo.com/api/player.js""></script>",,,,,,https://www.radneyfuneralhome.com,alexander-fh,,,,
Ratterman Funeral Home - Bardstown,Ratterman & Sons Funeral Home,49,,✅,✅,✅,✅,✅,✅,Ratterman- Landing Page,245e27b794,,,,,,,https://preplanafuneral.com/ratterman,http://info.preplanafuneral.com/getstarted?client_code=,http://info.preplanafuneral.com/getstarted?client_code=49,Caryl Jermier,Internet Campaign- Ratterman Funeral Homes,7014O000001BZz7,7014O000001qGe2,Erica Pulce,0034O00002wMiP3,0054O00000ACJaN,001U000000myvlu,Yes,https://info.preplanafuneral.com/rs/852-LNK-689/images/ratterman%20logo.jpeg,,https://info.preplanafuneral.com/rs/852-LNK-689/images/Ratterman.header.png,"<div style=""padding:56.25% 0 0 0;position:relative;""><iframe src=""https://player.vimeo.com/video/823826592?h=bc453c71fe&amp;badge=0&amp;autopause=0&amp;player_id=0&amp;app_id=58479"" frameborder=""0"" allow=""autoplay; fullscreen; picture-in-picture"" allowfullscreen style=""position:absolute;top:0;left:0;width:100%;height:100%;"" title=""Preplanning Video""></iframe></div><script src=""https://player.vimeo.com/api/player.js""></script>",,,,,,,,,TRUE,,
,,,,,,,,,,,,,,,,,,,,,,,,,Troy Wright,0034O000036EYaSQAW,0054O000009Piz0QAC,,,,,,,,,,,,,,,TRUE,,
Robinson Funeral Homes - Easley,Robinson Funeral Homes,51,,✅,✅,,✅,✅,✅,Robinson-Landing Page,d594198c3b,,,,✅,,,http://preplanafuneral.com/robinson,http://info.preplanafuneral.com/getstarted?client_code=,http://info.preplanafuneral.com/getstarted?client_code=51,Suzanne Lundin,Internet Campaign - Robinson Funeral Homes,7010B000001lzlg,7014O000001qGdG,Stokes Hunter,0030B00002PseIt,0050B000008ww6B,0010B000020AOgj,,https://info.preplanafuneral.com/rs/852-LNK-689/images/Robinson%20Funeral%20Home%20Logo.JPG,,https://info.preplanafuneral.com/rs/852-LNK-689/images/Robinson.header.png,"<div style=""padding:56.25% 0 0 0;position:relative;""><iframe src=""https://player.vimeo.com/video/823826592?h=bc453c71fe&amp;badge=0&amp;autopause=0&amp;player_id=0&amp;app_id=58479"" frameborder=""0"" allow=""autoplay; fullscreen; picture-in-picture"" allowfullscreen style=""position:absolute;top:0;left:0;width:100%;height:100%;"" title=""Preplanning Video""></iframe></div><script src=""https://player.vimeo.com/api/player.js""></script>",,,,,,www.robinsonfuneralhomes.com,robinson-fh,,TRUE,,
Sellars Funeral Home - Lebanon,Sellars Funeral Home,52,,✅,✅,,✅,✅,✅,Sellars- Landing Page,283d7b11d1,,✅,✅,✅,,,www.preplanafuneral.com/sellars,http://info.preplanafuneral.com/getstarted?client_code=,http://info.preplanafuneral.com/getstarted?client_code=52,Sabrina Simmons,Internet Campaign - Sellars Funeral Home,701U00000007pnt,7014O000001qGcz,Scott Moore,0034O00002uaeRg,0054O000008r18A,001U0000006gRw4,,https://info.preplanafuneral.com/rs/852-LNK-689/images/Sellars%20Banner%20HOME%20-%20White.jpg,,https://info.preplanafuneral.com/rs/852-LNK-689/images/Sellars.header.png,"<div style=""padding:56.25% 0 0 0;position:relative;""><iframe src=""https://player.vimeo.com/video/823826592?h=bc453c71fe&amp;badge=0&amp;autopause=0&amp;player_id=0&amp;app_id=58479"" frameborder=""0"" allow=""autoplay; fullscreen; picture-in-picture"" allowfullscreen style=""position:absolute;top:0;left:0;width:100%;height:100%;"" title=""Preplanning Video""></iframe></div><script src=""https://player.vimeo.com/api/player.js""></script>",,,,,,www.sellarsfuneralservices.com,sellars-fh,,TRUE,,
Sharp Funeral Home - Carroll,Sharp Funeral Home,56,,✅,✅,,✅,✅,✅,Sharp- Landing Page,91efd8f311,,,,✅,,,http://preplanafuneral.com/sharp,http://info.preplanafuneral.com/getstarted?client_code=,http://info.preplanafuneral.com/getstarted?client_code=56,Caryl Jermier,Internet Campaign - Sharp Funeral Home,7014O000000vQIR,7014O000001qGdJ,Kyle J Atkinson & K. Sheppard Smith,0034O00002uXOF7,0054O000008r18A,0014O000025pr0E,,https://info.preplanafuneral.com/rs/852-LNK-689/images/Sharp%20Transparent%20Logo.png,,https://info.preplanafuneral.com/rs/852-LNK-689/images/Sharp.header.png,"<div style=""padding:56.25% 0 0 0;position:relative;""><iframe src=""https://player.vimeo.com/video/823826592?h=bc453c71fe&amp;badge=0&amp;autopause=0&amp;player_id=0&amp;app_id=58479"" frameborder=""0"" allow=""autoplay; fullscreen; picture-in-picture"" allowfullscreen style=""position:absolute;top:0;left:0;width:100%;height:100%;"" title=""Preplanning Video""></iframe></div><script src=""https://player.vimeo.com/api/player.js""></script>",,,,,,www.sharpfuneral.com,,,FALSE,,
Smith Funeral Service and Crematory,Smith Funeral Service and Crematory,58,,✅,✅,,✅,✅,✅,Smith- Landing Page,18150d70c8,,,,✅,,,http://preplanafuneral.com/smith,http://info.preplanafuneral.com/getstarted?client_code=,http://info.preplanafuneral.com/getstarted?client_code=58,Suzanne Lundin,Internet Campaign - Smith Funeral Home,7014O000001SpCg,7014O000001qGct,Jimmy Sawyer,0034O00002scrSY,0054O0000091V3Z,0010B00001rQplE,,https://info.preplanafuneral.com/rs/852-LNK-689/images/smithFS.png,,https://info.preplanafuneral.com/rs/852-LNK-689/images/Smith.header.png,"<div style=""padding:56.25% 0 0 0;position:relative;""><iframe src=""https://player.vimeo.com/video/823826592?h=bc453c71fe&amp;badge=0&amp;autopause=0&amp;player_id=0&amp;app_id=58479"" frameborder=""0"" allow=""autoplay; fullscreen; picture-in-picture"" allowfullscreen style=""position:absolute;top:0;left:0;width:100%;height:100%;"" title=""Preplanning Video""></iframe></div><script src=""https://player.vimeo.com/api/player.js""></script>",,,,,,Www.smithfcs.com,,,TRUE,,
Stuhr Funeral Chapels & Crematory- Charleston,Stuhr Funeral Chapels & Crematory,59,,✅,✅,,✅,✅,✅,Stuhr- Landing Page,11d941326e,,,,✅,,,www.preplanafuneral.com/stuhr,http://info.preplanafuneral.com/getstarted?client_code=,http://info.preplanafuneral.com/getstarted?client_code=59,Suzanne Lundin,Internet Campaign - Stuhr,7010B000000ulcX,7014O000001qGd0,David Perry,0030B00002GKwKU,0054O000009PhEN,0010B00001rPVdY,,https://info.preplanafuneral.com/rs/852-LNK-689/images/JHS%20logo%20No%20Tag.jpg,,https://info.preplanafuneral.com/rs/852-LNK-689/images/Stuhr.header.png,"<div style=""padding:56.25% 0 0 0;position:relative;""><iframe src=""https://player.vimeo.com/video/823826592?h=bc453c71fe&amp;badge=0&amp;autopause=0&amp;player_id=0&amp;app_id=58479"" frameborder=""0"" allow=""autoplay; fullscreen; picture-in-picture"" allowfullscreen style=""position:absolute;top:0;left:0;width:100%;height:100%;"" title=""Preplanning Video""></iframe></div><script src=""https://player.vimeo.com/api/player.js""></script>",,,,,,www.jhenrystuhr.com/,,,TRUE,,
The Howze Mortuary - Travelers Rest,The Howze Mortuary,62,,✅,✅,,✅,✅,✅,Howze Mortuary- Landing Page,7aafda7640,,,,✅,,,http://preplanafuneral.com/howze,http://info.preplanafuneral.com/getstarted?client_code=,http://info.preplanafuneral.com/getstarted?client_code=62,Suzanne Lundin,Internet Campaign - The Howze Mortuary,7010B000001lhpq,7014O000001qGdq,Matthew Moyer,0030B00002F7d1w,0054O000008r18A,0010B0000208xhP,,https://info.preplanafuneral.com/rs/852-LNK-689/images/Howze%20Logo.jpg,,https://info.preplanafuneral.com/rs/852-LNK-689/images/Howze.header.png,"<div style=""padding:56.25% 0 0 0;position:relative;""><iframe src=""https://player.vimeo.com/video/823826592?h=bc453c71fe&amp;badge=0&amp;autopause=0&amp;player_id=0&amp;app_id=58479"" frameborder=""0"" allow=""autoplay; fullscreen; picture-in-picture"" allowfullscreen style=""position:absolute;top:0;left:0;width:100%;height:100%;"" title=""Preplanning Video""></iframe></div><script src=""https://player.vimeo.com/api/player.js""></script>",,,,,,https://www.thehowzemortuary.com,the-howze-mortuary,,TRUE,,
Underwood Funeral Home,Underwood Funeral Home,63,,✅,✅,,✅,✅,✅,Underwood- Landing Page,fe9199388a,,✅,✅,✅,,,www.preplanafuneral.com/underwood,http://info.preplanafuneral.com/getstarted?client_code=,http://info.preplanafuneral.com/getstarted?client_code=63,Suzanne Lundin,Internet Campaign - Underwood Funeral Home,701U0000000CIqp,7014O000001Th6UQAS,Megan P. Southerland,003U0000010Vzyx,0054O000008r18A,001U000000pzVfF,,https://info.preplanafuneral.com/rs/852-LNK-689/images/Parrish Logo.png,https://info.preplanafuneral.com/rs/852-LNK-689/images/Parrish Logo.png,https://info.preplanafuneral.com/rs/852-LNK-689/images/Underwood.header.png,"<div style=""padding:56.25% 0 0 0;position:relative;""><iframe src=""https://player.vimeo.com/video/823841866?h=bd98f71b6c&amp;badge=0&amp;autopause=0&amp;player_id=0&amp;app_id=58479"" frameborder=""0"" allow=""autoplay; fullscreen; picture-in-picture"" allowfullscreen style=""position:absolute;top:0;left:0;width:100%;height:100%;"" title=""Parrish Funeral Home Preplanning Video""></iframe></div><script src=""https://player.vimeo.com/api/player.js""></script>",,,,,,www.parrishfh.com,underwood-fh,,FALSE,video is wrong,
Vance-Brooks Funeral Home,Vance-Brooks Funeral Home,64,,,,,,,,,,,,,,,,https://preplanafuneral.com/vancebrooks,http://info.preplanafuneral.com/getstarted?client_code=,http://info.preplanafuneral.com/getstarted?client_code=64,Suzanne Lundin,Internet Campaign - Vance Memorial Chapel,7010B000001leAp,7014O000001qGd8,Roger Newman,0030B00002GKkSb,0054O0000091SvT,001U000000oamux,yes,https://info.preplanafuneral.com/rs/852-LNK-689/images/Watson%20Thomas%20Logo.png,,https://info.preplanafuneral.com/rs/852-LNK-689/images/Vance.Brooks.header.png,"<div style=""padding:56.25% 0 0 0;position:relative;""><iframe src=""https://player.vimeo.com/video/823826592?h=bc453c71fe&amp;badge=0&amp;autopause=0&amp;player_id=0&amp;app_id=58479"" frameborder=""0"" allow=""autoplay; fullscreen; picture-in-picture"" allowfullscreen style=""position:absolute;top:0;left:0;width:100%;height:100%;"" title=""Preplanning Video""></iframe></div><script src=""https://player.vimeo.com/api/player.js""></script>",,,,,,,,,TRUE,,
Cleveland-Moffett Funeral - Amory Home,Cleveland-Moffett Funeral Home,66,,✅,✅,,✅,✅,✅,Cleveland-Moffett- Landing Page,bfa069265f,,,,✅,,,www.preplanafuneral.com/clevelandmoffett,http://info.preplanafuneral.com/getstarted?client_code=,http://info.preplanafuneral.com/getstarted?client_code=66,Sabrina Simmons,Internet Campaign - Cleveland Moffett FH,7010B000001fbI2,7014O000001qGcg,Chuck Moffett,003U000001cALd7,0054O000008r18A,001U000001cWK2w,,https://info.preplanafuneral.com/rs/852-LNK-689/images/Cleveland%20Moffett%20Logo.png,,https://info.preplanafuneral.com/rs/852-LNK-689/images/Cleveland.Moffett.LP.Header.png,"<div style=""padding:56.25% 0 0 0;position:relative;""><iframe src=""https://player.vimeo.com/video/823826592?h=bc453c71fe&amp;badge=0&amp;autopause=0&amp;player_id=0&amp;app_id=58479"" frameborder=""0"" allow=""autoplay; fullscreen; picture-in-picture"" allowfullscreen style=""position:absolute;top:0;left:0;width:100%;height:100%;"" title=""Preplanning Video""></iframe></div><script src=""https://player.vimeo.com/api/player.js""></script>",,,,,,www.clevelandmoffettfuneralhome.com,,,TRUE,,
Coile and Hall Funeral Directors - Hartwell,Coile and Hall Funeral Directors,67,,✅,✅,,✅,✅,✅,Coile and Hall- Landing Page,58c90f3e06,,,,✅,,,http://preplanafuneral.com/coilehall,http://info.preplanafuneral.com/getstarted?client_code=,http://info.preplanafuneral.com/getstarted?client_code=67,Julian Ward,Internet Campaign - Coile and Hall Funeral Directors,7010B000001lkmu,7014O000001qGdT,Duane Hall,0030B00002FAPib,0054O000008r18A,0010B0000208xhI,,https://info.preplanafuneral.com/rs/852-LNK-689/images/C%26H%20LOGO%20Jpeg.jpg,,https://info.preplanafuneral.com/rs/852-LNK-689/images/Coile.and.Hall.Header.png,"<div style=""padding:56.25% 0 0 0;position:relative;""><iframe src=""https://player.vimeo.com/video/823826592?h=bc453c71fe&amp;badge=0&amp;autopause=0&amp;player_id=0&amp;app_id=58479"" frameborder=""0"" allow=""autoplay; fullscreen; picture-in-picture"" allowfullscreen style=""position:absolute;top:0;left:0;width:100%;height:100%;"" title=""Preplanning Video""></iframe></div><script src=""https://player.vimeo.com/api/player.js""></script>",,,,,,http://coileandhallfd.com,coile-and-hall,,TRUE,,
"Deal Funeral Directors, LLC - Statesboro","Deal Funeral Directors, LLC",71,,✅,✅,,✅,✅,✅,Deal- Landing Page,93448389aa,,,,✅,,,http://preplanafuneral.com/deal,http://info.preplanafuneral.com/getstarted?client_code=,http://info.preplanafuneral.com/getstarted?client_code=71,Julian Ward,Internet Campaign - Deal Funeral Directors,7014O000001SmdR,7014O000001qGdt,Mark Yocco,0034O00002SyS68,0054O000008r18A,0010B000022wdjz,,https://info.preplanafuneral.com/rs/852-LNK-689/images/Deal%20-%20Logo.png,,https://info.preplanafuneral.com/rs/852-LNK-689/images/Deal%20LP%20Header.png,"<div style=""padding:56.25% 0 0 0;position:relative;""><iframe src=""https://player.vimeo.com/video/823826592?h=bc453c71fe&amp;badge=0&amp;autopause=0&amp;player_id=0&amp;app_id=58479"" frameborder=""0"" allow=""autoplay; fullscreen; picture-in-picture"" allowfullscreen style=""position:absolute;top:0;left:0;width:100%;height:100%;"" title=""Preplanning Video""></iframe></div><script src=""https://player.vimeo.com/api/player.js""></script>",,,,,,https://www.dealfuneraldirectors.com/,deal-fh,,TRUE,,
Fagen Miller Funeral Home - Highland,Fagen Miller Funeral Home,73,,✅,✅,,✅,✅,✅,Fagen-Miller- Landing Page,dbee4c8101,,,,✅,,,http://preplanafuneral.com/fagenmiller,http://info.preplanafuneral.com/getstarted?client_code=,http://info.preplanafuneral.com/getstarted?client_code=73,Laura Coffey,Internet Campaign - Fagen Miller Funeral Homes,7014O000000vPIa,,Shauna Luthringer,0034O00002lp6ly,0054O000008r18A,0010B000021EzPO,,https://info.preplanafuneral.com/rs/852-LNK-689/images/Fagen-Miller%20Logo.png,,https://info.preplanafuneral.com/rs/852-LNK-689/images/Fagen.Miller.header.png,"<div style=""padding:56.25% 0 0 0;position:relative;""><iframe src=""https://player.vimeo.com/video/823826592?h=bc453c71fe&amp;badge=0&amp;autopause=0&amp;player_id=0&amp;app_id=58479"" frameborder=""0"" allow=""autoplay; fullscreen; picture-in-picture"" allowfullscreen style=""position:absolute;top:0;left:0;width:100%;height:100%;"" title=""Preplanning Video""></iframe></div><script src=""https://player.vimeo.com/api/player.js""></script>",,,,,,www.fagenmiller.com,,,,,
Goodman Funeral Home,Goodman Funeral Home,75,,✅,✅,,✅,✅,✅,Goodman- Landing Page,4421fb1da2,,,,✅,,,http://preplanafuneral.com/goodman,http://info.preplanafuneral.com/getstarted?client_code=,http://info.preplanafuneral.com/getstarted?client_code=75,Sabrina Simmons,Internet Campaign - Goodman Funeral Home,7014O000001J7As,7014O000001Th6ZQAS,Jonathan Goodman,0034O00002VI3ke,0054O000008r18A,0014O000026BJ7i,,https://info.preplanafuneral.com/rs/852-LNK-689/images/Goodman%20Logo%201.png,,https://info.preplanafuneral.com/rs/852-LNK-689/images/Goodman.header.png,"<div style=""padding:56.25% 0 0 0;position:relative;""><iframe src=""https://player.vimeo.com/video/823826592?h=bc453c71fe&amp;badge=0&amp;autopause=0&amp;player_id=0&amp;app_id=58479"" frameborder=""0"" allow=""autoplay; fullscreen; picture-in-picture"" allowfullscreen style=""position:absolute;top:0;left:0;width:100%;height:100%;"" title=""Preplanning Video""></iframe></div><script src=""https://player.vimeo.com/api/player.js""></script>",,,,,,www.goodmanfuneral.com,goodman-fh,,TRUE,,
Halls Funeral Home -Halls,Halls Funeral Home,76,,,✅,,✅,✅,✅,Halls- Landing Page,bdf7aa9d7f,,,,✅,video unavailable,,www.preplanafuneral.com/halls,http://info.preplanafuneral.com/getstarted?client_code=,http://info.preplanafuneral.com/getstarted?client_code=76,Sabrina Simmons,Internet Campaign - Halls Funeral Home,701U0000001ENjZ,7014O000001qGch,Ty Brasfield,003U000000axZsl,0054O000008r18A,001U000000VWG3Z,,https://info.preplanafuneral.com/rs/852-LNK-689/images/Halls%20Logo.png,,https://info.preplanafuneral.com/rs/852-LNK-689/images/Halls.FH.Header.jpg,"<div style=""padding:56.25% 0 0 0;position:relative;""><iframe src=""https://player.vimeo.com/video/823826592?h=bc453c71fe&amp;badge=0&amp;autopause=0&amp;player_id=0&amp;app_id=58479"" frameborder=""0"" allow=""autoplay; fullscreen; picture-in-picture"" allowfullscreen style=""position:absolute;top:0;left:0;width:100%;height:100%;"" title=""Preplanning Video""></iframe></div><script src=""https://player.vimeo.com/api/player.js""></script>",,,,,,www.hallsfh.com,halls-fh,,TRUE,,
Hardwick- Loris,Hardwick Funeral Home,77,,,,,,,,,,,,,,,,https://preplanafuneral.com/hardwick,http://info.preplanafuneral.com/getstarted?client_code=,http://info.preplanafuneral.com/getstarted?client_code=77,Suzanne Lundin,Internet Campaign - Hardwick Funeral Home,7014O000001qG6Q,7014O000001qGdM,Chris Hardwick,0030B00002350h3,0054O000008r18A,0010B00001qhMTr,,https://info.preplanafuneral.com/rs/852-LNK-689/images/Hardwick%20FH.png,,https://info.preplanafuneral.com/rs/852-LNK-689/images/Hardwick.header.png,"<div style=""padding:56.25% 0 0 0;position:relative;""><iframe src=""https://player.vimeo.com/video/823826592?h=bc453c71fe&amp;badge=0&amp;autopause=0&amp;player_id=0&amp;app_id=58479"" frameborder=""0"" allow=""autoplay; fullscreen; picture-in-picture"" allowfullscreen style=""position:absolute;top:0;left:0;width:100%;height:100%;"" title=""Preplanning Video""></iframe></div><script src=""https://player.vimeo.com/api/player.js""></script>",,,,,,,,,TRUE,,
Hockaday- Roanoke Rapids,Hockaday Funeral and Cremation Service,79,,,,,,,,,,,,,,,,https://preplanafuneral.com/hockaday,http://info.preplanafuneral.com/getstarted?client_code=,http://info.preplanafuneral.com/getstarted?client_code=79,Suzanne Lundin,Internet Campaign - Hockaday Funeral & Cremation,7014O000001JCiGQAW,7014O000001qGdv,Jimmy Sawyer,0030B000025DuJz,0054O0000091V3Z,001U000000ijKnM,yes,https://info.preplanafuneral.com/rs/852-LNK-689/images/Hockaday%20logo.png,,https://info.preplanafuneral.com/rs/852-LNK-689/images/Hockaday.header.png,"<div style=""padding:56.25% 0 0 0;position:relative;""><iframe src=""https://player.vimeo.com/video/823826592?h=bc453c71fe&amp;badge=0&amp;autopause=0&amp;player_id=0&amp;app_id=58479"" frameborder=""0"" allow=""autoplay; fullscreen; picture-in-picture"" allowfullscreen style=""position:absolute;top:0;left:0;width:100%;height:100%;"" title=""Preplanning Video""></iframe></div><script src=""https://player.vimeo.com/api/player.js""></script>",,,,,,,,,TRUE,,
Joyner's Funeral Home,Joyner's Funeral Home and Crematory,84,,✅,✅,,✅,✅,✅,Joyner's- Landing Page,29f0e2fdf6,,,,✅,,,https://preplanafuneral.com/joyners,http://info.preplanafuneral.com/getstarted?client_code=,http://info.preplanafuneral.com/getstarted?client_code=84,Suzanne Lundin,Internet Campaign- Joyner's Funeral Home,7014O000001FFYp,7014O000001qGe9,Aaron Pendley,0034O0000309qm0,0054O00000A8uGO,001U000000rlCY8,yes,https://info.preplanafuneral.com/rs/852-LNK-689/images/Joyner%27s%20Logo.jpg,,https://info.preplanafuneral.com/rs/852-LNK-689/images/Joyners.header.png,,,,no video,,,,,,TRUE,,
Keeling & Goodman Funeral Home- Paducah,Keeling & Goodman Funeral Home,86,,✅,✅,,✅,✅,✅,Keeling & Goodman- Landing Page,1f977cc6c5,,,,✅,,,http://preplanafuneral.com/keeling,http://info.preplanafuneral.com/getstarted?client_code=,http://info.preplanafuneral.com/getstarted?client_code=86,Sabrina Simmons,Internet Campaign - Keeling & Goodman Funeral Home,7014O000001J8Cj,7014O000001qGcj,Jonathan Goodman,0034O00002UKArr,0054O000008r18A,001U0000006gRvu,,https://info.preplanafuneral.com/rs/852-LNK-689/images/Keeling%20Goodman%20Logo%20.png,,https://info.preplanafuneral.com/rs/852-LNK-689/images/Keeling.Goodman.header.png,"<div style=""padding:56.25% 0 0 0;position:relative;""><iframe src=""https://player.vimeo.com/video/823826592?h=bc453c71fe&amp;badge=0&amp;autopause=0&amp;player_id=0&amp;app_id=58479"" frameborder=""0"" allow=""autoplay; fullscreen; picture-in-picture"" allowfullscreen style=""position:absolute;top:0;left:0;width:100%;height:100%;"" title=""Preplanning Video""></iframe></div><script src=""https://player.vimeo.com/api/player.js""></script>",,,,,,www.kgfuneral.com,keeling-goodman-fh,,TRUE,,
Muhleisen & Son Funeral Home- Kenner,Muhleisen & Son Funeral Home,87,,✅,✅,,✅,✅,✅,Muhleisen & Son- Landing Page,5068bd85bc,,,,✅,,,http://preplanafuneral.com/muhleisen,http://info.preplanafuneral.com/getstarted?client_code=,http://info.preplanafuneral.com/getstarted?client_code=87,Suzanne Lundin,Internet Campaign - Muhleisen & Son Funeral Home,7014O000001FG0I,7014O000001qGcw,Catherine Gauthier,0034O000030fkJn,0054O00000A8owi,0010B000024bbpo,yes,https://info.preplanafuneral.com/rs/852-LNK-689/images/L.%20A.%20Muhleisen%20Logo.png,,https://info.preplanafuneral.com/rs/852-LNK-689/images/Muhleisen.header.png,,,,no video,,,,,,TRUE,,
O'Neil Funeral Home - Lockport,O'Neil Funeral Home,97,,✅,✅,,✅,✅,✅,O'Neil- Landing Page,0f8c4bfc76,,,,✅,,,https://www.preplanafuneral.com/oneilfh,http://info.preplanafuneral.com/getstarted?client_code=,http://info.preplanafuneral.com/getstarted?client_code=97,Laura Coffey,Internet Campaign - O'Neil Funeral Home,7010B000000ufX7,7014O000001qGdA,Kim O'Neil Golob,0030B0000222fps,0054O000008r18A,0010B00001pJqd4,,https://info.preplanafuneral.com/rs/852-LNK-689/images/O%27Neil%20Logo.jpg,,https://info.preplanafuneral.com/rs/852-LNK-689/images/O%27Neil.header.jpg,"<div style=""padding:56.25% 0 0 0;position:relative;""><iframe src=""https://player.vimeo.com/video/823826592?h=bc453c71fe&amp;badge=0&amp;autopause=0&amp;player_id=0&amp;app_id=58479"" frameborder=""0"" allow=""autoplay; fullscreen; picture-in-picture"" allowfullscreen style=""position:absolute;top:0;left:0;width:100%;height:100%;"" title=""Preplanning Video""></iframe></div><script src=""https://player.vimeo.com/api/player.js""></script>",,,,,,http://www.oneilfuneralhome.com,oneil-fh,,TRUE,,
Ray-Nowell Funeral Home - Senatobia,Ray-Nowell Funeral Home,99,,✅,✅,,✅,✅,✅,Ray-Nowell- Landing Page,ebeb54c6ef,,,,✅,,,www.preplanafuneral.com/raynowell,http://info.preplanafuneral.com/getstarted?client_code=,http://info.preplanafuneral.com/getstarted?client_code=99,Sabrina Simmons,Internet Campaign - Ray Nowell Funeral Home,701U0000000CJjL,7014O000001qGco,Patricia Lowder,003U000001T0A81,0054O000008r18A,001U000000ElAB6,,https://info.preplanafuneral.com/rs/852-LNK-689/images/Ray%20Nowell%20Logo.jpg,,https://info.preplanafuneral.com/rs/852-LNK-689/images/Ray-Nowell.header.png,"<div style=""padding:75% 0 0 0;position:relative;""><iframe src=""https://player.vimeo.com/video/823877898?h=c48c7332f6&amp;badge=0&amp;autopause=0&amp;player_id=0&amp;app_id=58479"" frameborder=""0"" allow=""autoplay; fullscreen; picture-in-picture"" allowfullscreen style=""position:absolute;top:0;left:0;width:100%;height:100%;"" title=""Ray-Nowell Funeral Homes Preplanning Video""></iframe></div><script src=""https://player.vimeo.com/api/player.js""></script>",,,custom video - old old Connor vid,,,http://www.raynowellfuneralhome.com/,ray-nowell-fh,,TRUE,,
Ronald V Hall Funeral Home Inc - Vidalia,Ronald V Hall Funeral Home Inc,101,,✅,✅,,✅,✅,✅,Ronald V- Landing Page,a0a2904576,,,,✅,,,http://preplanafuneral.com/ronaldvhall,http://info.preplanafuneral.com/getstarted?client_code=,http://info.preplanafuneral.com/getstarted?client_code=101,Julian Ward,Internet Campaign - Ronald V Hall Funeral Home,7010B000001liRC,7014O000001qGd7,Julian Ward,0030B00002F7d2S,0050B000007qVIE,0010B0000208xhd,,https://info.preplanafuneral.com/rs/852-LNK-689/images/336031-rnv-logo-ks.png,,https://info.preplanafuneral.com/rs/852-LNK-689/images/RonaldVhall_header.png,"<div style=""padding:56.25% 0 0 0;position:relative;""><iframe src=""https://player.vimeo.com/video/823826592?h=bc453c71fe&amp;badge=0&amp;autopause=0&amp;player_id=0&amp;app_id=58479"" frameborder=""0"" allow=""autoplay; fullscreen; picture-in-picture"" allowfullscreen style=""position:absolute;top:0;left:0;width:100%;height:100%;"" title=""Preplanning Video""></iframe></div><script src=""https://player.vimeo.com/api/player.js""></script>",,,,,,https://www.ronaldvhall.com,ronald-v-hall-fh,,FALSE,,no contact that works/ email won't work
Rose Lynn Funeral Home- Lutcher,Rose Lynn Funeral Home,103,,✅,✅,,✅,✅,✅,Rose Lynn- Landing Page,dc9e2f00fd,,,,,,,http://preplanafuneral.com/roselynn,http://info.preplanafuneral.com/getstarted?client_code=,http://info.preplanafuneral.com/getstarted?client_code=103,Suzanne Lundin,Internet Campaign- Rose Lynn Funeral Home,7014O000001FFY6,7014O000001Th6tQAC,Catherine Gauthier,0034O000030dJvZ,0054O00000A8owi,0014O00002MeMhz,yes,https://info.preplanafuneral.com/rs/852-LNK-689/images/Rose%20Lynn%20Logo%20%281%29.png,,https://info.preplanafuneral.com/rs/852-LNK-689/images/Rose.Lynn.header.png,,,,no video,,,,,,TRUE,,
United Funeral Service- New Albany,United Funeral Service,108,,✅,✅,,✅,✅,✅,United Funeral Service- Landing Page,6c05c759f8,,,,,,,http://preplanafuneral.com/united,http://info.preplanafuneral.com/getstarted?client_code=,http://info.preplanafuneral.com/getstarted?client_code=108,Sabrina Simmons,Internet Campaign- United Funeral Service,7014O000001JcQA,7014O000001qGcv,United Funeral Service Staff,0034O00002xAdo1,0054O000008r18A,001U000000Zp3go,,https://info.preplanafuneral.com/rs/852-LNK-689/images/Unted Funeral Service Logo.png,,https://info.preplanafuneral.com/rs/852-LNK-689/images/United.header.jpg,"<div style=""padding:56.25% 0 0 0;position:relative;""><iframe src=""https://player.vimeo.com/video/823826592?h=bc453c71fe&amp;badge=0&amp;autopause=0&amp;player_id=0&amp;app_id=58479"" frameborder=""0"" allow=""autoplay; fullscreen; picture-in-picture"" allowfullscreen style=""position:absolute;top:0;left:0;width:100%;height:100%;"" title=""Preplanning Video""></iframe></div><script src=""https://player.vimeo.com/api/player.js""></script>",,,,,,https://www.unitedfuneralservice.com/,,,TRUE,,
Watson Funeral Services & Crematory - Conway,Watson Funeral Services & Crematory,111,,✅,✅,,✅,✅,✅,Watson- Landing Page,f6c011254c,,,,✅,,,http://www.preplanafuneral.com/watson,http://info.preplanafuneral.com/getstarted?client_code=,http://info.preplanafuneral.com/getstarted?client_code=111,Suzanne Lundin,Internet Campaign - Watson Funeral Service,7010B000000udgz,7014O000001qGdl,Barry Watson,0030B00001zxI10,0054O000008r18A,0010B00001owBgL,,https://info.preplanafuneral.com/rs/852-LNK-689/images/Watson Funeral Home- small.png,,https://info.preplanafuneral.com/rs/852-LNK-689/images/Watson.header.png,"<div style=""padding:56.25% 0 0 0;position:relative;""><iframe src=""https://player.vimeo.com/video/823826592?h=bc453c71fe&amp;badge=0&amp;autopause=0&amp;player_id=0&amp;app_id=58479"" frameborder=""0"" allow=""autoplay; fullscreen; picture-in-picture"" allowfullscreen style=""position:absolute;top:0;left:0;width:100%;height:100%;"" title=""Preplanning Video""></iframe></div><script src=""https://player.vimeo.com/api/player.js""></script>",,,,,,http://www.watsonfuneralservices.com,watson-fh,,TRUE,,
Bennett Funeral Service - Conover,Bennett Funeral Service,116,,✅,✅,,✅,✅,✅,Bennett - Landing Page,ab54f9640f,,,,✅,,,http://www.preplanafuneral.com/bennett,http://info.preplanafuneral.com/getstarted?client_code=,http://info.preplanafuneral.com/getstarted?client_code=116,Suzanne Lundin,Internet Campaign - Bennett Funeral Service,7010B000000ueW2,7014O000001qGdE,Tommy Young,0034O00002uaijS,0054O00000ACAqb,0010B00001qJuVn,,https://info.preplanafuneral.com/rs/852-LNK-689/images/BENNETT%20FUNERAL%20SERVICE%20LOGO.jpg,,https://info.preplanafuneral.com/rs/852-LNK-689/images/Bennett.Funeral.Service.Header.png,"<div style=""padding:56.25% 0 0 0;position:relative;""><iframe src=""https://player.vimeo.com/video/823826592?h=bc453c71fe&amp;badge=0&amp;autopause=0&amp;player_id=0&amp;app_id=58479"" frameborder=""0"" allow=""autoplay; fullscreen; picture-in-picture"" allowfullscreen style=""position:absolute;top:0;left:0;width:100%;height:100%;"" title=""Preplanning Video""></iframe></div><script src=""https://player.vimeo.com/api/player.js""></script>",,,,,,http://www.bennettfuneralservice.com/,bennet-may-and-pierce-fh,,TRUE,,
Bennett-May & Pierce Funeral Home & Crematory - Pulaski,Bennett-May & Pierce Funeral Home & Crematory,117,,✅,✅,,✅,✅,✅,Bennet-May & Pierce- Landing Page,9f8b98646e,,,,✅,,,http://preplanafuneral.com/bennettmaygiles,http://info.preplanafuneral.com/getstarted?client_code=,http://info.preplanafuneral.com/getstarted?client_code=117,Carolyn Rodgers,Internet Campaign - Bennett May Pierce,701U0000001Imcb,7014O000001qGce,Steve Pierce,003U000000ax9mn,0054O000008r18A,001U000000VVRQf,,https://info.preplanafuneral.com/rs/852-LNK-689/images/BMP%20Logo.png,,https://info.preplanafuneral.com/rs/852-LNK-689/images/Bennett.May.Pierce.Header.jpg,"<div style=""padding:56.25% 0 0 0;position:relative;""><iframe src=""https://player.vimeo.com/video/823825770?h=f60be8ebb4&amp;badge=0&amp;autopause=0&amp;player_id=0&amp;app_id=58479"" frameborder=""0"" allow=""autoplay; fullscreen; picture-in-picture"" allowfullscreen style=""position:absolute;top:0;left:0;width:100%;height:100%;"" title=""Bennett-May &amp;amp; Pierce Funeral Home""></iframe></div><script src=""https://player.vimeo.com/api/player.js""></script>",,,custom video,,,www.bennettmay.com,,,TRUE,,
Cabarrus Funeral Cremation and Cemetery,Cabarrus Funeral Cremation and Cemetery,118,,✅,✅,,✅,✅,✅,Cabarrus- Landing Page,6b5eb000dc,,,✅,✅,,,www.preplanafuneral.com/cabarrus,http://info.preplanafuneral.com/getstarted?client_code=,http://info.preplanafuneral.com/getstarted?client_code=118,Suzanne Lundin,Internet Campaign - Cabarrus Funeral Cremation,7014O000001hI5d,,Dan Sullivan,0034O00002tMvcO,0054O000009Gz1J,0014O00002LB1OJ,,https://info.preplanafuneral.com/rs/852-LNK-689/images/Cabarrus-%20Logo.PNG,,https://info.preplanafuneral.com/rs/852-LNK-689/images/Cabarrus.header.png,"<div style=""padding:56.25% 0 0 0;position:relative;""><iframe src=""https://player.vimeo.com/video/823826592?h=bc453c71fe&amp;badge=0&amp;autopause=0&amp;player_id=0&amp;app_id=58479"" frameborder=""0"" allow=""autoplay; fullscreen; picture-in-picture"" allowfullscreen style=""position:absolute;top:0;left:0;width:100%;height:100%;"" title=""Preplanning Video""></iframe></div><script src=""https://player.vimeo.com/api/player.js""></script>",,,,,,www.cabarrusfuneralandcremations.com,,,,,
Casey and Rios Funeral Home - Chicago,Casey and Rios Funeral Home,119,,✅,✅,,✅,✅,✅,Casey Laskowski - Landing Page,f2a0a1b750,,,,✅,casey rios?,,https://preplanafuneral.com/caseyrios,http://info.preplanafuneral.com/getstarted?client_code=,http://info.preplanafuneral.com/getstarted?client_code=119,Laura Coffey,Internet Campaign - Casey Laskowski Funeral Home,7014O000001Smxx,7014O000001qGdY,Brian Koskiewicz,0034O00002SwnVN,0054O000008r18A,0014O000025olIo,,https://info.preplanafuneral.com/rs/852-LNK-689/images/Casey%20%26%20Rios%20logo.png,,https://info.preplanafuneral.com/rs/852-LNK-689/images/Casey.%26.Rios.LP.Header.png,"<div style=""padding:56.25% 0 0 0;position:relative;""><iframe src=""https://player.vimeo.com/video/823826592?h=bc453c71fe&amp;badge=0&amp;autopause=0&amp;player_id=0&amp;app_id=58479"" frameborder=""0"" allow=""autoplay; fullscreen; picture-in-picture"" allowfullscreen style=""position:absolute;top:0;left:0;width:100%;height:100%;"" title=""Preplanning Video""></iframe></div><script src=""https://player.vimeo.com/api/player.js""></script>",,,,,,www.caseylaskowskifh.com,,,TRUE,,
Clay-Barnette Funeral Home - Shelby,Clay-Barnette Funeral Home,121,,✅,✅,,✅,✅,✅,Clay-Barnette-Landing Page,18a629e4ac,,,,✅,,,http://preplanafuneral.com/claybarnette,http://info.preplanafuneral.com/getstarted?client_code=,http://info.preplanafuneral.com/getstarted?client_code=121,Suzanne Lundin,Internet Campaign - Clay-Barnette Funeral Home,7014O000000zDVo,7014O000001qGdp,Sarah Levy,0034O000035LT1P,0054O000009hmWT,001U000000oZPJt,,https://info.preplanafuneral.com/rs/852-LNK-689/images/Clay-Barnette%20logo.png,,https://info.preplanafuneral.com/rs/852-LNK-689/images/Clay.Barnette.LP.Header.png,"<div style=""padding:56.25% 0 0 0;position:relative;""><iframe src=""https://player.vimeo.com/video/823826592?h=bc453c71fe&amp;badge=0&amp;autopause=0&amp;player_id=0&amp;app_id=58479"" frameborder=""0"" allow=""autoplay; fullscreen; picture-in-picture"" allowfullscreen style=""position:absolute;top:0;left:0;width:100%;height:100%;"" title=""Preplanning Video""></iframe></div><script src=""https://player.vimeo.com/api/player.js""></script>",,,,,,www.claybarnette.com,,,TRUE,,
Edwards Funeral Home and Cremations,Edwards Funeral Home and Cremations,127,,✅,✅,,✅,✅,✅,Edwards- Landing Page,efc3c65f1c,,,,✅,,,http://preplanafuneral.com/edwards,http://info.preplanafuneral.com/getstarted?client_code=,http://info.preplanafuneral.com/getstarted?client_code=127,Suzanne Lundin,Internet Campaign - Edwards Funeral Home,7014O000001SpCl,7014O000001Th6yQAC,justin smith,0034O00002TEJ3fQAH,0054O000009kOa9QAE,0014O000025VEfu,,https://info.preplanafuneral.com/rs/852-LNK-689/images/Edwards%20Logo%20%281%29.png,,https://info.preplanafuneral.com/rs/852-LNK-689/images/Edwards.header.png,"<div style=""padding:56.25% 0 0 0;position:relative;""><iframe src=""https://player.vimeo.com/video/823826592?h=bc453c71fe&amp;badge=0&amp;autopause=0&amp;player_id=0&amp;app_id=58479"" frameborder=""0"" allow=""autoplay; fullscreen; picture-in-picture"" allowfullscreen style=""position:absolute;top:0;left:0;width:100%;height:100%;"" title=""Preplanning Video""></iframe></div><script src=""https://player.vimeo.com/api/player.js""></script>",,,,,,www.edwardsfhc.com,edwards-fh,,TRUE,,
Holland Funeral Directors - Tupelo,Holland Funeral Directors,130,,✅,✅,,✅,✅,✅,Holland- Landing Page,3d9760f049,,,,✅,video unavailable,,www.preplanafuneral.com/holland,http://info.preplanafuneral.com/getstarted?client_code=,http://info.preplanafuneral.com/getstarted?client_code=130,Beau Jarrell,Internet Campaign - Holland Funeral Directors,701U00000007pnZ,7014O000001qGci,Vicki Rushing,003U000000HgoUJ,0054O000008r18A,001U000000El1Zk,,https://info.preplanafuneral.com/rs/852-LNK-689/images/Holland%20Funeral%20Directors%20Logo%20w_%20address.jpg,https://info.preplanafuneral.com/rs/852-LNK-689/images/Holland%20Funeral%20Directors%20Logo%20w_%20address.jpg,https://info.preplanafuneral.com/rs/852-LNK-689/images/Holland.header.png,"<div style=""padding:56.25% 0 0 0;position:relative;""><iframe src=""https://player.vimeo.com/video/823826592?h=bc453c71fe&amp;badge=0&amp;autopause=0&amp;player_id=0&amp;app_id=58479"" frameborder=""0"" allow=""autoplay; fullscreen; picture-in-picture"" allowfullscreen style=""position:absolute;top:0;left:0;width:100%;height:100%;"" title=""Preplanning Video""></iframe></div><script src=""https://player.vimeo.com/api/player.js""></script>",,,,,,www.hollandfuneraldirectors.com,holland-fh,,FALSE,,
"Hooper, Huddleston, & Horner- Cookeville","Hooper, Huddleston, & Horner Funeral Home and Cremation Services",132,,✅,✅,,✅,✅,✅,"Hooper, Huddleston & Horner- Landing Page",367483f212,,,,✅,,,https://preplanafuneral.com/hhh,http://info.preplanafuneral.com/getstarted?client_code=,http://info.preplanafuneral.com/getstarted?client_code=132,Sabrina Simmons,Internet Campaign- Hooper Huddleston & Horner,7014O000001Jfhg,7014O000001qGcb,Joe Harpe,0034O00002z4NIf,0054O000008r18A,001U0000006gRvs,,https://info.preplanafuneral.com/rs/852-LNK-689/images/hhhlogo.jpg,,https://info.preplanafuneral.com/rs/852-LNK-689/images/Hooper-Huddleston%26Horner.Header.png,"<div style=""padding:56.25% 0 0 0;position:relative;""><iframe src=""https://player.vimeo.com/video/823826592?h=bc453c71fe&amp;badge=0&amp;autopause=0&amp;player_id=0&amp;app_id=58479"" frameborder=""0"" allow=""autoplay; fullscreen; picture-in-picture"" allowfullscreen style=""position:absolute;top:0;left:0;width:100%;height:100%;"" title=""Preplanning Video""></iframe></div><script src=""https://player.vimeo.com/api/player.js""></script>","3 Buttons- TB, Cremation, POM Kit",,,,,,,,FALSE,,
Hultgren Funeral Home - Wheaton,Hultgren Funeral Home,133,,✅,✅,,✅,✅,✅,Hultgren- Landing Page,0eba4bc367,,,,✅,,,www.preplanafuneral.com/hultgren,http://info.preplanafuneral.com/getstarted?client_code=,http://info.preplanafuneral.com/getstarted?client_code=133,Laura Coffey,Internet Campaign - Hultgren Funeral Home,701U0000000CIrJ,7014O000001qGd9,Darcy Kolschefski,003U000000J0DMu,0054O000008r18A,001U000000Ekz2n,,https://info.preplanafuneral.com/rs/852-LNK-689/images/HFH%20Logo%20from%20Yorke.jpg,https://info.preplanafuneral.com/rs/852-LNK-689/images/HFH%20Logo%20from%20Yorke.jpg,https://info.preplanafuneral.com/rs/852-LNK-689/images/Hultgren.header.png,"<div style=""padding:75% 0 0 0;position:relative;""><iframe src=""https://player.vimeo.com/video/823885048?h=ca2232b4d5&amp;badge=0&amp;autopause=0&amp;player_id=0&amp;app_id=58479"" frameborder=""0"" allow=""autoplay; fullscreen; picture-in-picture"" allowfullscreen style=""position:absolute;top:0;left:0;width:100%;height:100%;"" title=""Hultgren Funeral Home Preplanning Video""></iframe></div><script src=""https://player.vimeo.com/api/player.js""></script>",,,custom video - old old Connor vid,,,www.hultgrenfh.com,hultgren-fh-copy,,FALSE,,
Imes Funeral Home & Crematory - Murray,Imes Funeral Home & Crematory,134,,✅,✅,,✅,✅,✅,Imes- Landing Page,505f1fb22b,,,,✅,,,http://preplanafuneral.com/imes,http://info.preplanafuneral.com/getstarted?client_code=,http://info.preplanafuneral.com/getstarted?client_code=134,Sabrina Simmons,Internet Campaign - Imes Funeral Home & Crematory,7014O000001TJHl,7014O000001qGcs,Wendy Imes,0034O00002lrK6g,0054O000008r18A,001U0000006gRvt,,https://info.preplanafuneral.com/rs/852-LNK-689/images/Imes%20Logo%202.png,,https://info.preplanafuneral.com/rs/852-LNK-689/images/Imes.header.png,"<div style=""padding:56.25% 0 0 0;position:relative;""><iframe src=""https://player.vimeo.com/video/823826592?h=bc453c71fe&amp;badge=0&amp;autopause=0&amp;player_id=0&amp;app_id=58479"" frameborder=""0"" allow=""autoplay; fullscreen; picture-in-picture"" allowfullscreen style=""position:absolute;top:0;left:0;width:100%;height:100%;"" title=""Preplanning Video""></iframe></div><script src=""https://player.vimeo.com/api/player.js""></script>",,,,,,https://www.imesfuneralhome.com/,imes-fh,,FALSE,,
Fredrickson Funeral Homes and Crematory- Woodruff Chapel,Fredrickson Funeral Homes and Crematory,138,,✅,✅,,✅,✅,✅,Jandt Fredrickson - Landing Page,7870a487d9,,,,✅,location?,,http://preplanafuneral.com/jandtfredrickson,http://info.preplanafuneral.com/getstarted?client_code=,http://info.preplanafuneral.com/getstarted?client_code=138,Caryl Jermier,Internet Campaign - Jandt-Fredrickson,7014O000001J8IG,7014O000001qGd2,Margaret Fredrickson,0034O00002hHv75,0054O000006tUBi,0010B000022xCMQ,,https://info.preplanafuneral.com/rs/852-LNK-689/images/jandt-logo2.png,,https://info.preplanafuneral.com/rs/852-LNK-689/images/Jandt.Header.png,"<div style=""padding:56.25% 0 0 0;position:relative;""><iframe src=""https://player.vimeo.com/video/823826592?h=bc453c71fe&amp;badge=0&amp;autopause=0&amp;player_id=0&amp;app_id=58479"" frameborder=""0"" allow=""autoplay; fullscreen; picture-in-picture"" allowfullscreen style=""position:absolute;top:0;left:0;width:100%;height:100%;"" title=""Preplanning Video""></iframe></div><script src=""https://player.vimeo.com/api/player.js""></script>",,,,,,www.jandtfredrickson.com,jandt-fredrickson-fh,,FALSE,,
McCoy-Blossom Funeral Home & Crematory - Troy,McCoy-Blossom Funeral Home & Crematory,142,,✅,✅,,✅,✅,✅,McCoy- Blossom- Landing Page,e53d21661b,,,,✅,,,http://preplanafuneral.com/mccoyblossom,http://info.preplanafuneral.com/getstarted?client_code=,http://info.preplanafuneral.com/getstarted?client_code=142,Caryl Jermier,Internet Campaign - McCoy Blossom,7010B000001ROBY,7014O000001qGd4,Sarah M Horn,003U000001rmMom,0054O000008r18A,001U000001kIRzX,,https://info.preplanafuneral.com/rs/852-LNK-689/images/McCoy%20Blossom.jpg,,https://info.preplanafuneral.com/rs/852-LNK-689/images/McCoy.Blossom.header.png,"<div style=""padding:56.25% 0 0 0;position:relative;""><iframe src=""https://player.vimeo.com/video/823826592?h=bc453c71fe&amp;badge=0&amp;autopause=0&amp;player_id=0&amp;app_id=58479"" frameborder=""0"" allow=""autoplay; fullscreen; picture-in-picture"" allowfullscreen style=""position:absolute;top:0;left:0;width:100%;height:100%;"" title=""Preplanning Video""></iframe></div><script src=""https://player.vimeo.com/api/player.js""></script>",,,,,,www.mccoyblossomfh.com,mccoy-blossom-fh,,FALSE,,
McNeece Morris Funeral Home - Fulton,McNeece Morris Funeral Home,143,,✅,✅,,✅,✅,✅,McNeece Morris- Landing Page,a0dfc4f42e,,,,✅,,,www.preplanafuneral.com/mcneecemorris,http://info.preplanafuneral.com/getstarted?client_code=,http://info.preplanafuneral.com/getstarted?client_code=143,Sabrina Simmons,Internet Campaign - McNeece Morris,701U0000001EG0i,7014O000001qGcl,Steven B. McNeece,003U000001T0B7a,0054O000008r18A,001U000000NmxcZ,,https://info.preplanafuneral.com/rs/852-LNK-689/images/McNeece%20Morris%20Logo.jpg,,https://info.preplanafuneral.com/rs/852-LNK-689/images/McNeece.Morris.header.png,"<div style=""padding:75% 0 0 0;position:relative;""><iframe src=""https://player.vimeo.com/video/823882269?h=c02acd00a7&amp;badge=0&amp;autopause=0&amp;player_id=0&amp;app_id=58479"" frameborder=""0"" allow=""autoplay; fullscreen; picture-in-picture"" allowfullscreen style=""position:absolute;top:0;left:0;width:100%;height:100%;"" title=""McNeece Morris Funeral Home Preplanning Video""></iframe></div><script src=""https://player.vimeo.com/api/player.js""></script>",,,custom video - old old Connor vid,,,www.mcneecemorrisfuneralhome.com,mcneece-and-morris-fh,,,,
Noe Funeral Service,Noe Funeral Service,146,,✅,✅,,✅,✅,✅,Noe Funeral Service- Landing Page ,13e5b2ef4e,,,,,,,https://preplanafuneral.com/noe/,http://info.preplanafuneral.com/getstarted?client_code=,http://info.preplanafuneral.com/getstarted?client_code=146,Suzanne Lundin,Internet Campaign-Noe Funeral Service,7014O000001hJPX,7014O000001Th73QAC,Jimmy Sawyer,0034O00002vQrwz,0054O0000091V3Z,0014O00002KwPNR,,https://info.preplanafuneral.com/rs/852-LNK-689/images/Noe%20Funeral%20Service%20Logo.png,,https://info.preplanafuneral.com/rs/852-LNK-689/images/Noe.Funeral.Service.header.png,"<div style=""padding:56.25% 0 0 0;position:relative;""><iframe src=""https://player.vimeo.com/video/823826592?h=bc453c71fe&amp;badge=0&amp;autopause=0&amp;player_id=0&amp;app_id=58479"" frameborder=""0"" allow=""autoplay; fullscreen; picture-in-picture"" allowfullscreen style=""position:absolute;top:0;left:0;width:100%;height:100%;"" title=""Preplanning Video""></iframe></div><script src=""https://player.vimeo.com/api/player.js""></script>",,,,,,,,,,,
O'Quinn Peebles Phillips Funeral Home - Lillington,O'Quinn Peebles Phillips Funeral Home,147,,✅,✅,,✅,✅,✅,O'Quinn Peebles Phillips- Landing Page,a9d6d62539,,✅,✅,✅,,,www.preplanafuneral.com/oppfh,http://info.preplanafuneral.com/getstarted?client_code=,http://info.preplanafuneral.com/getstarted?client_code=147,Suzanne Lundin,Internet Campaign - OQuinn Peebles Phillips,701U000000168Ox,7014O000001qGdk,David Thomas,0034O000035KzBE,0054O000009hh9J,001U000000vqLNq,,https://info.preplanafuneral.com/rs/852-LNK-689/images/O%27Quinn-Logo_colored.jpg,,https://info.preplanafuneral.com/rs/852-LNK-689/images/OQuinn.header.png,"<div style=""padding:56.25% 0 0 0;position:relative;""><iframe src=""https://player.vimeo.com/video/823876790?h=926460cafa&amp;badge=0&amp;autopause=0&amp;player_id=0&amp;app_id=58479"" frameborder=""0"" allow=""autoplay; fullscreen; picture-in-picture"" allowfullscreen style=""position:absolute;top:0;left:0;width:100%;height:100%;"" title=""O&amp;#039;Quinn Peebles Phillips Funeral Home &amp;amp; Crematory""></iframe></div><script src=""https://player.vimeo.com/api/player.js""></script>",,,custom video - old old Connor vid,,,www.oppfh.com,oquinn-fh,,,,
Parkway Funeral Home - Trinity,Parkway Funeral Home,149,,✅,✅,,✅,✅,✅,Parkway- Landing Page,d5808f0549,,,,✅,video unavailable,,www.preplanafuneral.com/parkway,http://info.preplanafuneral.com/getstarted?client_code=,http://info.preplanafuneral.com/getstarted?client_code=149,Connor Kilpatrick,Internet Campaign - Parkway Funeral Home,701U0000000CJaJ,7014O000001qGds,Michael Sherman,003U000000lUMIv,0054O000008r18A,001U0000006gRwM,,https://info.preplanafuneral.com/rs/852-LNK-689/images/Parkway%20Logo%20from%20FB.png,https://info.preplanafuneral.com/rs/852-LNK-689/images/Parkway%20Logo%20from%20FB.png,https://info.preplanafuneral.com/rs/852-LNK-689/images/Parkway.header.png,"<div style=""padding:56.25% 0 0 0;position:relative;""><iframe src=""https://player.vimeo.com/video/823826592?h=bc453c71fe&amp;badge=0&amp;autopause=0&amp;player_id=0&amp;app_id=58479"" frameborder=""0"" allow=""autoplay; fullscreen; picture-in-picture"" allowfullscreen style=""position:absolute;top:0;left:0;width:100%;height:100%;"" title=""Preplanning Video""></iframe></div><script src=""https://player.vimeo.com/api/player.js""></script>",,,,,,http://www.parkwayfunerals.com/,parkway-fh,,,,
Robert Barham Family Funeral Home - Meridian,Robert Barham Family Funeral Home,151,,✅,✅,,✅,✅,✅,Robert Barham- Landing Page,5567f60f70,,,,✅,,,www.preplanafuneral.com/robertbarham,http://info.preplanafuneral.com/getstarted?client_code=,http://info.preplanafuneral.com/getstarted?client_code=151,Sabrina Simmons,Internet Campaign - Robert Barham,701U0000001EG33,7014O000001qGcp,Lashearer Merchant,003U000001e7vSE,0054O000008r18A,001U000000WC1ki,,https://info.preplanafuneral.com/rs/852-LNK-689/images/Robert%20Barham%20Logo.jpeg,,https://info.preplanafuneral.com/rs/852-LNK-689/images/Robert.barham.header.png,"<div style=""padding:56.25% 0 0 0;position:relative;""><iframe src=""https://player.vimeo.com/video/823826592?h=bc453c71fe&amp;badge=0&amp;autopause=0&amp;player_id=0&amp;app_id=58479"" frameborder=""0"" allow=""autoplay; fullscreen; picture-in-picture"" allowfullscreen style=""position:absolute;top:0;left:0;width:100%;height:100%;"" title=""Preplanning Video""></iframe></div><script src=""https://player.vimeo.com/api/player.js""></script>",,,,,,www.robertbarhamffh.com,,,,,
Rochester Cremation Services - Rochester,Rochester Cremation Services,152,,✅,✅,,✅,✅,✅,Rochester- Landing Page,2341bfd9fc,,,,✅,,,http://preplanafuneral.com/rochestercremationservices,http://info.preplanafuneral.com/getstarted?client_code=,http://info.preplanafuneral.com/getstarted?client_code=152,Caryl Jermier,Internet Campaign - Rochester Cremation Services,7014O000001JEPV,7014O000001qGdS,Mike Johnson,0034O00002TFM8P,0054O000008r18A,0010B0000208xhc,,https://info.preplanafuneral.com/rs/852-LNK-689/images/RCS%20wreath%20black%207-14-20.jpg,,https://info.preplanafuneral.com/rs/852-LNK-689/images/Rochester.header.png,"<div style=""padding:56.25% 0 0 0;position:relative;""><iframe src=""https://player.vimeo.com/video/823826592?h=bc453c71fe&amp;badge=0&amp;autopause=0&amp;player_id=0&amp;app_id=58479"" frameborder=""0"" allow=""autoplay; fullscreen; picture-in-picture"" allowfullscreen style=""position:absolute;top:0;left:0;width:100%;height:100%;"" title=""Preplanning Video""></iframe></div><script src=""https://player.vimeo.com/api/player.js""></script>",,,,,,http://rochestercremationservicesmn.com,rochester-fh,,,,
Ronk Funeral Home - Alamo,Ronk Funeral Home,154,,✅,✅,,✅,✅,✅,Ronk- Landing Page,d6467779ad,,,,✅,,,www.preplanafuneral.com/ronk,http://info.preplanafuneral.com/getstarted?client_code=,http://info.preplanafuneral.com/getstarted?client_code=154,Sabrina Simmons,Internet Campaign - Ronk Funeral Home,701U0000000CJfO,7014O000001qGcq,Lee Ronk,003U000001780Rv,0054O000008r18A,001U0000006gRw2,,https://info.preplanafuneral.com/rs/852-LNK-689/images/Ronk%20Logo.jpg,,https://info.preplanafuneral.com/rs/852-LNK-689/images/Ronk.header.png,"<div style=""padding:56.25% 0 0 0;position:relative;""><iframe src=""https://player.vimeo.com/video/823826592?h=bc453c71fe&amp;badge=0&amp;autopause=0&amp;player_id=0&amp;app_id=58479"" frameborder=""0"" allow=""autoplay; fullscreen; picture-in-picture"" allowfullscreen style=""position:absolute;top:0;left:0;width:100%;height:100%;"" title=""Preplanning Video""></iframe></div><script src=""https://player.vimeo.com/api/player.js""></script>",,,,,,www.ronkfuneralhome.net,ronk-fh,,,,
Sietsema-Atkinson Funeral Home - Hampton,Sietsema-Atkinson Funeral Home,159,,✅,✅,,✅,✅,✅,Sietsema Atkinson- Landing Page,c179539867,,,,✅,,,http://preplanafuneral.com/sietsema,http://info.preplanafuneral.com/getstarted?client_code=,http://info.preplanafuneral.com/getstarted?client_code=159,Caryl Jermier,Internet Campaign - Sietsema-Atkinson,7014O000001TKW9,7014O000001qGe1,Todd Sietsema,0034O00002mzUEd,0054O000008r18A,0014O00002Gjihw,,https://info.preplanafuneral.com/rs/852-LNK-689/images/Sietsema%20Atkinson%20from%20FB.jpeg,,https://info.preplanafuneral.com/rs/852-LNK-689/images/Sietsema.header.png,"<div style=""padding:56.25% 0 0 0;position:relative;""><iframe src=""https://player.vimeo.com/video/823826592?h=bc453c71fe&amp;badge=0&amp;autopause=0&amp;player_id=0&amp;app_id=58479"" frameborder=""0"" allow=""autoplay; fullscreen; picture-in-picture"" allowfullscreen style=""position:absolute;top:0;left:0;width:100%;height:100%;"" title=""Preplanning Video""></iframe></div><script src=""https://player.vimeo.com/api/player.js""></script>",,,,,,www.sietsemaatkinson.com,,,,,
Strickland Funeral Home - Wendell,Strickland Funeral Home,161,,✅,✅,,✅,✅,✅,Strickland (Wendell)- Landing Page,1e912b4bd1,,✅,✅,✅,,,http://preplanafuneral.com/stricklandwendell,http://info.preplanafuneral.com/getstarted?client_code=,http://info.preplanafuneral.com/getstarted?client_code=161,Suzanne Lundin,Internet Campaign - Strickland Funeral Home,701U0000000CJir,7014O000001qGdm,Sean Bannon,003U0000015XkOo,0054O000008r18A,001U000000voO6L,,https://info.preplanafuneral.com/rs/852-LNK-689/images/Strickland-%20Wendell.png,,https://info.preplanafuneral.com/rs/852-LNK-689/images/Strickland.wendell.header.png,"<div style=""padding:56.25% 0 0 0;position:relative;""><iframe src=""https://player.vimeo.com/video/823856482?h=dabecaadf8&amp;badge=0&amp;autopause=0&amp;player_id=0&amp;app_id=58479"" frameborder=""0"" allow=""autoplay; fullscreen; picture-in-picture"" allowfullscreen style=""position:absolute;top:0;left:0;width:100%;height:100%;"" title=""Strickland Funeral Home Preplanning Video""></iframe></div><script src=""https://player.vimeo.com/api/player.js""></script>",,,custom video,,,www.stricklandfuneral.com,strickland-fh-wendell,Needs new video ,,,
Strickland Funeral Home & Crematory - Louisburg,Strickland Funeral Home & Crematory,162,,✅,✅,,✅,✅,✅,Strickland (Louisburg)- Landing Page,c517ed03b1,,✅,✅,✅,,,http://preplanafuneral.com/stricklandlouisburg,http://info.preplanafuneral.com/getstarted?client_code=,http://info.preplanafuneral.com/getstarted?client_code=162,Suzanne Lundin,Internet Campaign - Strickland Funeral Home & Crematory,701U0000000CJj6,7014O000001qGdx,Tom Clancy,003U0000012Yobe,0054O000008r18A,001U000000rlAuY,,https://info.preplanafuneral.com/rs/852-LNK-689/images/Strickland%20FH%20Louisburg%20Screen%20Shot%20from%20Web%20Site.png,https://info.preplanafuneral.com/rs/852-LNK-689/images/Strickland%20FH%20Louisburg%20Screen%20Shot%20from%20Web%20Site.png,https://info.preplanafuneral.com/rs/852-LNK-689/images/Strickland.louisburg.header.png,"Traditional Burial# Cremation# Cemetery Information# Traditional Burial and Cremation# Traditional Burial, Cremation, and Cemetery Information ",,,custom video - old old Connor vid,,,www.stricklandfuneralhome.net,strickland-fh,,,,
Surls Funeral Home - Williams,Surls Funeral Home,165,,✅,✅,,✅,✅,✅,Surls- Landing Page,2a62540acb,,,,✅,,,http://preplanafuneral.com/surls,http://info.preplanafuneral.com/getstarted?client_code=,http://info.preplanafuneral.com/getstarted?client_code=165,Caryl Jermier,Internet Campaign - Surl and Sietsema Funeral Home,7014O000001TK9j,7014O000001qGe0,Todd Sietsema,0034O00002lpeOc,0054O000008r18A,0014O00002FZHDU,,https://info.preplanafuneral.com/rs/852-LNK-689/images/Surls%20Sietsema%20Logo%20from%20FB.jpg,,https://info.preplanafuneral.com/rs/852-LNK-689/images/Surls.header.png,"<div style=""padding:56.25% 0 0 0;position:relative;""><iframe src=""https://player.vimeo.com/video/823826592?h=bc453c71fe&amp;badge=0&amp;autopause=0&amp;player_id=0&amp;app_id=58479"" frameborder=""0"" allow=""autoplay; fullscreen; picture-in-picture"" allowfullscreen style=""position:absolute;top:0;left:0;width:100%;height:100%;"" title=""Preplanning Video""></iframe></div><script src=""https://player.vimeo.com/api/player.js""></script>",,,,,brittney@beaconsocial.com,surls.com,,,,,
The Daleiden Mortuary - Aurora,The Daleiden Mortuary,166,,✅,✅,,✅,✅,✅,Daleiden Mortuary- Landing Page,ef3b7f8f87,,,,✅,,,http://preplanafuneral.com/daleiden,http://info.preplanafuneral.com/getstarted?client_code=,http://info.preplanafuneral.com/getstarted?client_code=166,Laura Coffey,Internet Campaign - The Daleiden Mortuary,7010B000001lykP,7014O000001qGdD,Shauna Luthringer,0034O00002oP9Wz,0054O000008r18A,0010B00001wv73N,,https://info.preplanafuneral.com/rs/852-LNK-689/images/Daleiden%20Logo.png,,https://info.preplanafuneral.com/rs/852-LNK-689/images/Daleiden.header.png,,Unique Signature- to schedule email in last line,,no video,,,http://www.daleidenmortuary.com/,the-daleiden-mortuary,,,,
Weymouth Funeral Home - Newport News,Weymouth Funeral Home,168,,✅,✅,,✅,✅,✅,Weymouth- Landing Page,27715478cb,,✅,✅,✅,,,www.preplanafuneral.com/weymouth,http://info.preplanafuneral.com/getstarted?client_code=,http://info.preplanafuneral.com/getstarted?client_code=168,Benji Cumbie,Internet Campaign - Weymouth Funeral Home,701U0000000CJZa,7014O000001qGdH,Veronica Weymouth,003U000001Ce1PL,0054O000008r18A,001U0000016C0Is,,https://info.preplanafuneral.com/rs/852-LNK-689/images/Weymouth%20Black%20logo.png,,https://info.preplanafuneral.com/rs/852-LNK-689/images/Weymouth.header.png,"<div style=""padding:56.25% 0 0 0;position:relative;""><iframe src=""https://player.vimeo.com/video/823881019?h=cac3c489a3&amp;badge=0&amp;autopause=0&amp;player_id=0&amp;app_id=58479"" frameborder=""0"" allow=""autoplay; fullscreen; picture-in-picture"" allowfullscreen style=""position:absolute;top:0;left:0;width:100%;height:100%;"" title=""Weymouth Funeral Home Preplanning Video""></iframe></div><script src=""https://player.vimeo.com/api/player.js""></script>",,,custom video - old old Connor vid,,,weymouthfuneralhome.com,weymouth-fh,,,,
Jarrell Funeral Home,Jarrell Funeral Home,169,,,,,,,,,,,,,,,,,http://info.preplanafuneral.com/getstarted?client_code=,http://info.preplanafuneral.com/getstarted?client_code=169,,,,7014O000001qGeA,Beau Jarrell,003U000000o9VHp,005U0000000IBmo,0014O00002KwStk,,https://info.preplanafuneral.com/rs/852-LNK-689/images/Jarrell%20FH.png,https://info.preplanafuneral.com/rs/852-LNK-689/images/Jarrell%20FH.png,,"<div style=""padding:56.25% 0 0 0;position:relative;""><iframe src=""https://player.vimeo.com/video/823826592?h=bc453c71fe&amp;badge=0&amp;autopause=0&amp;player_id=0&amp;app_id=58479"" frameborder=""0"" allow=""autoplay; fullscreen; picture-in-picture"" allowfullscreen style=""position:absolute;top:0;left:0;width:100%;height:100%;"" title=""Preplanning Video""></iframe></div><script src=""https://player.vimeo.com/api/player.js""></script>",,,,,,,,,,,
Watson Thomas Funeral Home and Crematory- Galesburg,Watson Thomas Funeral Home and Crematory,174,,✅,✅,,✅,✅,✅,Watson Thomas- Landing Page,469dda901d,,,,,,,http://preplanafuneral.com/watsonthomas,http://info.preplanafuneral.com/getstarted?client_code=,http://info.preplanafuneral.com/getstarted?client_code=174,Caryl Jermier,Internet Campaign- Watson Thomas Funeral Home and Crematory,7014O000001FG0N,7014O000001qGcx,Bill Morris,0034O000034Df6z,0054O000009PXsI,0010B000024bkXS,,https://info.preplanafuneral.com/rs/852-LNK-689/images/Watson%20Thomas%20Logo.png,,https://info.preplanafuneral.com/rs/852-LNK-689/images/Watson.thomas.header.png,"<div style=""padding:56.25% 0 0 0;position:relative;""><iframe src=""https://player.vimeo.com/video/823826592?h=bc453c71fe&amp;badge=0&amp;autopause=0&amp;player_id=0&amp;app_id=58479"" frameborder=""0"" allow=""autoplay; fullscreen; picture-in-picture"" allowfullscreen style=""position:absolute;top:0;left:0;width:100%;height:100%;"" title=""Preplanning Video""></iframe></div><script src=""https://player.vimeo.com/api/player.js""></script>",,,,,,,,,,,
Ringa Funeral Home and Cremation Service- Lake Villa,Ringa Funeral Home and Cremation Service,176,,,✅,,✅,✅,✅,Ringa- Landing Page,3a351944d9,,,,,,,http://preplanafuneral.com/ringa,http://info.preplanafuneral.com/getstarted?client_code=,http://info.preplanafuneral.com/getstarted?client_code=176,Laura Coffey,Internet Campaign - Ringa Funeral Home,7010B000000CzHP,7014O000001qGdB,Andrew Ringa,0030B00002A5gG8,0054O000008r18A,0010B00001wvmbd,,https://info.preplanafuneral.com/rs/852-LNK-689/images/Ringa%20Logo.png,,https://info.preplanafuneral.com/rs/852-LNK-689/images/Ringa.header.png,"<div style=""padding:56.25% 0 0 0;position:relative;""><iframe src=""https://player.vimeo.com/video/823843967?h=870057ccd5&amp;badge=0&amp;autopause=0&amp;player_id=0&amp;app_id=58479"" frameborder=""0"" allow=""autoplay; fullscreen; picture-in-picture"" allowfullscreen style=""position:absolute;top:0;left:0;width:100%;height:100%;"" title=""Plan Ahead with Ringa Funeral Home""></iframe></div><script src=""https://player.vimeo.com/api/player.js""></script>",,,custom video,,,,,,,,
Lawrence-Sorensen Funeral Home- North Chapel,Lawrence-Sorensen Funeral Home,179,,✅,✅,,,,,Lawrence-Sorensen-Landing Page,0f2feaed3d,,,,✅,,,https://preplanafuneral.com/lawrencesorensen,http://info.preplanafuneral.com/getstarted?client_code=,http://info.preplanafuneral.com/getstarted?client_code=179,Sabrina Simmons,Internet Campaign- Lawrence-Sorensen Funeral Home,701U0000001EFej,7014O000001qGe5,Marcy Ronk,0034O00002xDkzNQAS,0054O000008r18A,001U000000Wmdtv,,https://info.preplanafuneral.com/rs/852-LNK-689/images/Lawrence-Sorensen%20New%20Logo.png,,https://info.preplanafuneral.com/rs/852-LNK-689/images/Lawrence-Sorensen.header.png,"<div style=""padding:56.25% 0 0 0;position:relative;""><iframe src=""https://player.vimeo.com/video/823826592?h=bc453c71fe&amp;badge=0&amp;autopause=0&amp;player_id=0&amp;app_id=58479"" frameborder=""0"" allow=""autoplay; fullscreen; picture-in-picture"" allowfullscreen style=""position:absolute;top:0;left:0;width:100%;height:100%;"" title=""Preplanning Video""></iframe></div><script src=""https://player.vimeo.com/api/player.js""></script>",,,,,,,,,,,
Millet-Guidry Funeral Home- LaPlace,Millet-Guidry Funeral Home,180,,,✅,,✅,✅,✅,Millet-Guidry FH- Landing Page,2ac4748ec3,,,,✅,,,http://preplanafuneral.com/millet,http://info.preplanafuneral.com/getstarted?client_code=,http://info.preplanafuneral.com/getstarted?client_code=180,Suzanne Lundin,Internet Campaign- Millet-Guidry Funeral Home,7014O000001FG0D,7014O000001Th78QAC,Catherine Gauthier,0034O000030eW4m,0054O00000A8owi,0014O00002Mc9fK,yes,https://info.preplanafuneral.com/rs/852-LNK-689/images/Millet-Guidry%20Logo.png,,https://info.preplanafuneral.com/rs/852-LNK-689/images/Millet-Guidry.header.png,,,,no video,,,,,,,,
Sandifer Funeral Home- Westminster,Sandifer Funeral Home,181,,✅,✅,,✅,✅,✅,Sandifer- Landing Page,27e985921f,,,,✅,,,http://preplanafuneral.com/sandifer,http://info.preplanafuneral.com/getstarted?client_code=,http://info.preplanafuneral.com/getstarted?client_code=181,Suzanne Lundin,Internet Campaign- Sandifer Funeral Home,7014O000001FFY7,7014O000001qGdo,Ben Hood,0034O000030eWsA,0054O000006tZxr,0014O00002Mcnj6,,https://info.preplanafuneral.com/rs/852-LNK-689/images/Sandifer%20-%20Logo.png,,https://info.preplanafuneral.com/rs/852-LNK-689/images/Sandifer.header.png,"<div style=""padding:56.25% 0 0 0;position:relative;""><iframe src=""https://player.vimeo.com/video/823826592?h=bc453c71fe&amp;badge=0&amp;autopause=0&amp;player_id=0&amp;app_id=58479"" frameborder=""0"" allow=""autoplay; fullscreen; picture-in-picture"" allowfullscreen style=""position:absolute;top:0;left:0;width:100%;height:100%;"" title=""Preplanning Video""></iframe></div><script src=""https://player.vimeo.com/api/player.js""></script>",,,,,,,,,,,
Robertson Funeral and Cremation Service- Charlotte,Robertson Funeral and Cremation Service,185,,,,,✅,✅,✅,Robertson FH- Landing Page,abd42418a8,,,,✅,,,https://preplanafuneral.com/robertson,http://info.preplanafuneral.com/getstarted?client_code=,http://info.preplanafuneral.com/getstarted?client_code=185,Suzanne Lundin,Internet Campaign- Roberston Funeral and Cremation Service,7014O000001qDOI,7014O000001qGdN,Gary Wilking,0030B00002IBTDB,0054O000009PT3p,0010B0000226bcE,yes,https://info.preplanafuneral.com/rs/852-LNK-689/images/Robertson%20Logo.jpeg,,https://info.preplanafuneral.com/rs/852-LNK-689/images/Robertson.header.png,"<div style=""padding:56.25% 0 0 0;position:relative;""><iframe src=""https://player.vimeo.com/video/823826592?h=bc453c71fe&amp;badge=0&amp;autopause=0&amp;player_id=0&amp;app_id=58479"" frameborder=""0"" allow=""autoplay; fullscreen; picture-in-picture"" allowfullscreen style=""position:absolute;top:0;left:0;width:100%;height:100%;"" title=""Preplanning Video""></iframe></div><script src=""https://player.vimeo.com/api/player.js""></script>",,,,,,,,,,,
Ahlgrim & Sons Funeral and Cremation Service- Schaumburg,Ahlgrim & Sons Funeral and Cremation Services,193,,,,,,,,,,,,,,,,http://preplanafuneral.com/ahlgrim,http://info.preplanafuneral.com/getstarted?client_code=,http://info.preplanafuneral.com/getstarted?client_code=193,Laura Coffey,Internet Campaign - Ahlgrim & Sons Funeral and Cremation,7010B000000spDb,7014O000001qGdW,Kathy Ahlgrim,0030B00002S2Bem,0054O000008r18A,0010B000025NpPl,,https://info.preplanafuneral.com/rs/852-LNK-689/images/Ahlgrim%20Logo.png,,https://info.preplanafuneral.com/rs/852-LNK-689/images/Ahlgrim%20FH.png,"<div style=""padding:56.25% 0 0 0;position:relative;""><iframe src=""https://player.vimeo.com/video/823826592?h=bc453c71fe&amp;badge=0&amp;autopause=0&amp;player_id=0&amp;app_id=58479"" frameborder=""0"" allow=""autoplay; fullscreen; picture-in-picture"" allowfullscreen style=""position:absolute;top:0;left:0;width:100%;height:100%;"" title=""Preplanning Video""></iframe></div><script src=""https://player.vimeo.com/api/player.js""></script>",,,,,,,,,,,
Canale Funeral Directors - Memphis,Canale Funeral Directors,194,,✅,✅,,✅,✅,✅,Canale- Landing Page,bdd77d01e9,,,,✅,,,www.preplanafuneral.com/canale,http://info.preplanafuneral.com/getstarted?client_code=,http://info.preplanafuneral.com/getstarted?client_code=194,Sabrina Simmons,Internet Campaign - Canale Funeral Directors,7010B000000uhC0,7014O000001qGcf,Larry Thompson,0030B00002D6kMD,0054O000006tjYr,001U000000fjjZS,,https://info.preplanafuneral.com/rs/852-LNK-689/images/Canale%20Logo.jpg,,https://info.preplanafuneral.com/rs/852-LNK-689/images/Canale.Header.jpg,"<div style=""padding:56.25% 0 0 0;position:relative;""><iframe src=""https://player.vimeo.com/video/823826592?h=bc453c71fe&amp;badge=0&amp;autopause=0&amp;player_id=0&amp;app_id=58479"" frameborder=""0"" allow=""autoplay; fullscreen; picture-in-picture"" allowfullscreen style=""position:absolute;top:0;left:0;width:100%;height:100%;"" title=""Preplanning Video""></iframe></div><script src=""https://player.vimeo.com/api/player.js""></script>",,,,,,www.canalefuneraldirectors.com,canale-funeral-directors,,,,
Christy-Smith Funeral Homes - Sioux City,Christy-Smith Funeral Homes,195,,✅,✅,,✅,✅,✅,Christy-Smith - Landing Page,b68926e3cc,,,,✅,,,http://preplanafuneral.com/christysmith,http://info.preplanafuneral.com/getstarted?client_code=,http://info.preplanafuneral.com/getstarted?client_code=195,Caryl Jermier,Internet Campaign - Christy-Smith Funeral Home,7014O000000vP5k,7014O000001qGdI,Kelly Hines Eckhoff,0034O00002TFCSQ,0054O000008r18A,0010B000024bWcM,,https://info.preplanafuneral.com/rs/852-LNK-689/images/Christy-Smith%20Logo.jpg,,https://info.preplanafuneral.com/rs/852-LNK-689/images/Christy.Smith.LP.Header.png,"<div style=""padding:56.25% 0 0 0;position:relative;""><iframe src=""https://player.vimeo.com/video/823826592?h=bc453c71fe&amp;badge=0&amp;autopause=0&amp;player_id=0&amp;app_id=58479"" frameborder=""0"" allow=""autoplay; fullscreen; picture-in-picture"" allowfullscreen style=""position:absolute;top:0;left:0;width:100%;height:100%;"" title=""Preplanning Video""></iframe></div><script src=""https://player.vimeo.com/api/player.js""></script>",,,,,,https://www.christysmith.com/,,,,,
Forbis & Dick Funeral Service - Burroughs Funeral Home,Forbis & Dick Funeral Service - Burroughs Funeral Home,197,,✅,✅,,✅,✅,✅,Forbis and Dick (Burroughs)- Landing Page,5c92a7993e,,,,✅,,,http://preplanafuneral.com/forbisburroughs,http://info.preplanafuneral.com/getstarted?client_code=,http://info.preplanafuneral.com/getstarted?client_code=197,Suzanne Lundin,Internet Campaign - Burroughs Funeral Service,7014O000001J8D3,7014O000001Tgp3,Todd Harmon,0034O000034G3jS,0054O000009PdRD,001U000001QVI5M,yes,https://info.preplanafuneral.com/rs/852-LNK-689/images/Burroughs%20Funeral%20Home.jpg,,https://info.preplanafuneral.com/rs/852-LNK-689/images/Burroughs.header.png,"<div style=""padding:56.25% 0 0 0;position:relative;""><iframe src=""https://player.vimeo.com/video/823826592?h=bc453c71fe&amp;badge=0&amp;autopause=0&amp;player_id=0&amp;app_id=58479"" frameborder=""0"" allow=""autoplay; fullscreen; picture-in-picture"" allowfullscreen style=""position:absolute;top:0;left:0;width:100%;height:100%;"" title=""Preplanning Video""></iframe></div><script src=""https://player.vimeo.com/api/player.js""></script>",,,,,,https://www.burroughsfuneralhome.com/,forbis-dick-fh-burroughs,,,,
Forbis & Dick Funeral Service - Eaton Funeral Service,Eaton Funeral Service,198,,✅,✅,,✅,✅,✅,Eaton-Landing Page,903f053612,,,,✅,,,http://preplanafuneral.com/eaton,http://info.preplanafuneral.com/getstarted?client_code=,http://info.preplanafuneral.com/getstarted?client_code=198,Suzanne Lundin,Internet Campaign - Eaton Funeral Service,7014O000001J8Co,7014O000001Tgoy,Todd Harmon,0034O000034G3jN,0054O000009PdRD,001U000001QVI86,yes,https://info.preplanafuneral.com/rs/852-LNK-689/images/Eaton%20Funeral%20Service.jpg,,https://info.preplanafuneral.com/rs/852-LNK-689/images/Eaton.header.png,"<div style=""padding:56.25% 0 0 0;position:relative;""><iframe src=""https://player.vimeo.com/video/823826592?h=bc453c71fe&amp;badge=0&amp;autopause=0&amp;player_id=0&amp;app_id=58479"" frameborder=""0"" allow=""autoplay; fullscreen; picture-in-picture"" allowfullscreen style=""position:absolute;top:0;left:0;width:100%;height:100%;"" title=""Preplanning Video""></iframe></div><script src=""https://player.vimeo.com/api/player.js""></script>",,,,,,https://www.eatonfuneralservice.com/,eaton-funeral-service,,,,
Forbis & Dick Funeral Service - Ray Funeral Home,Forbis & Dick Funeral Service- Ray Funeral Home,200,,✅,✅,,✅,✅,✅,Ray- Landing Page,7198bccb09,,,,✅,,,http://preplanafuneral.com/ray,http://info.preplanafuneral.com/getstarted?client_code=,http://info.preplanafuneral.com/getstarted?client_code=200,Suzanne Lundin,Internet Campaign - Ray Funeral Service,7014O000001J8Cy,7014O000001Tgot,Todd Harmon,0034O000034G3jE,0054O000009PdRD,001U000001QVIA7,yes,https://info.preplanafuneral.com/rs/852-LNK-689/images/Ray%20Funeral%20Home.jpg,,https://info.preplanafuneral.com/rs/852-LNK-689/images/Ray.header.png,"<div style=""padding:56.25% 0 0 0;position:relative;""><iframe src=""https://player.vimeo.com/video/823826592?h=bc453c71fe&amp;badge=0&amp;autopause=0&amp;player_id=0&amp;app_id=58479"" frameborder=""0"" allow=""autoplay; fullscreen; picture-in-picture"" allowfullscreen style=""position:absolute;top:0;left:0;width:100%;height:100%;"" title=""Preplanning Video""></iframe></div><script src=""https://player.vimeo.com/api/player.js""></script>",,"Traditional Burial# Cremation# Cemetery Information# Traditional Burial, Cremation, and Cemetary Information",,,,https://www.rayfuneralhome.com/,ray-fh,,,,
Lane Funeral Home on Ashland Terrace-Chattanooga,Lane Funeral Home on Ashland Terrace,201,,✅,✅,,✅,✅,✅,Lane FH- Landing Page,48cf5ee157,,,,✅,,,https://preplanafuneral.com/lane,http://info.preplanafuneral.com/getstarted?client_code=,http://info.preplanafuneral.com/getstarted?client_code=201,Sabrina Simmons,Internet Campaign - Lane Funeral Home on Ashland Terrace,7014O000001Jfhb,7014O000001qGcc,April Prestwood,0034O000033iNp2,0054O000009PT3G,0010B00001w0OuQ,,https://info.preplanafuneral.com/rs/852-LNK-689/images/Lane.Ashland.Terrace.png,,https://info.preplanafuneral.com/rs/852-LNK-689/images/Lane.header.png,"<div style=""padding:56.25% 0 0 0;position:relative;""><iframe src=""https://player.vimeo.com/video/823826592?h=bc453c71fe&amp;badge=0&amp;autopause=0&amp;player_id=0&amp;app_id=58479"" frameborder=""0"" allow=""autoplay; fullscreen; picture-in-picture"" allowfullscreen style=""position:absolute;top:0;left:0;width:100%;height:100%;"" title=""Preplanning Video""></iframe></div><script src=""https://player.vimeo.com/api/player.js""></script>","3 Buttons- TB, Cremation, POM Kit",,,,,,,,,,
Noe-Brooks Funeral Home,Noe-Brooks Funeral Home and Crematory,204,,✅,✅,,✅,✅,✅,Noe-Brooks Landing Page,fb9d22c577,,,,,,,https://preplanafuneral.com/noe-brooks/,http://info.preplanafuneral.com/getstarted?client_code=,http://info.preplanafuneral.com/getstarted?client_code=204,Suzanne Lundin,Internet Campaign - Noe-Brooks Funeral Home,7014O000001hJPc,7014O000001qGdu,Jimmy Sawyer,0034O00002vQrwQ,0054O0000091V3Z,001U000001PDnLV,,https://info.preplanafuneral.com/rs/852-LNK-689/images/Noe-Brooks%20Logo%20from%20FB.jpeg,,https://info.preplanafuneral.com/rs/852-LNK-689/images/Noe-Brooks.header.png,"<div style=""padding:56.25% 0 0 0;position:relative;""><iframe src=""https://player.vimeo.com/video/823826592?h=bc453c71fe&amp;badge=0&amp;autopause=0&amp;player_id=0&amp;app_id=58479"" frameborder=""0"" allow=""autoplay; fullscreen; picture-in-picture"" allowfullscreen style=""position:absolute;top:0;left:0;width:100%;height:100%;"" title=""Preplanning Video""></iframe></div><script src=""https://player.vimeo.com/api/player.js""></script>",,,,,,,,,,,
Rafferty Funeral Home - Moline,Rafferty Funeral Home,208,,✅,✅,✅,✅,✅,✅,Rafferty- Landing Page,c765cc8136,,,,✅,video unavailable,,www.preplanafuneral.com/rafferty,http://info.preplanafuneral.com/getstarted?client_code=,http://info.preplanafuneral.com/getstarted?client_code=208,Laura Coffey,Internet Campaign - Rafferty Funeral Home,701U0000000CJeB,7014O000001qGda,"
Kevin Rafferty",003U000000avV5b,0050B000007pzQf,001U000000V7bQT,,https://info.preplanafuneral.com/rs/852-LNK-689/images/Raffery%20Logo.jpg,https://info.preplanafuneral.com/rs/852-LNK-689/images/Raffery%20Logo.jpg,https://info.preplanafuneral.com/rs/852-LNK-689/images/Rafferty.header.png,"<div style=""padding:56.25% 0 0 0;position:relative;""><iframe src=""https://player.vimeo.com/video/823826592?h=bc453c71fe&amp;badge=0&amp;autopause=0&amp;player_id=0&amp;app_id=58479"" frameborder=""0"" allow=""autoplay; fullscreen; picture-in-picture"" allowfullscreen style=""position:absolute;top:0;left:0;width:100%;height:100%;"" title=""Preplanning Video""></iframe></div><script src=""https://player.vimeo.com/api/player.js""></script>",,,,,,www.raffertyfunerals.com,rafferty-fh,,,,
Anders-Rice- Asheville,Anders-Rice Funeral Home,212,,,,,,,,,,,,,,,,https://preplanafuneral.com/andersrice,http://info.preplanafuneral.com/getstarted?client_code=,http://info.preplanafuneral.com/getstarted?client_code=212,Suzanne Lundin,Internet Campaign- Anders-Rice Funeral Home,7014O000001qG6V,7014O000001qGe7,Adam Roper,0034O000033imwW,0054O000008r18A,0014O00002Tpbxo,,https://info.preplanafuneral.com/rs/852-LNK-689/images/black-transparent-background-300dpi-ar-logo_21f6dde3d5b24f5da59a9da95a772153.png,,https://info.preplanafuneral.com/rs/852-LNK-689/images/Anders-Rice.header.png,"<div style=""padding:56.25% 0 0 0;position:relative;""><iframe src=""https://player.vimeo.com/video/823826592?h=bc453c71fe&amp;badge=0&amp;autopause=0&amp;player_id=0&amp;app_id=58479"" frameborder=""0"" allow=""autoplay; fullscreen; picture-in-picture"" allowfullscreen style=""position:absolute;top:0;left:0;width:100%;height:100%;"" title=""Preplanning Video""></iframe></div><script src=""https://player.vimeo.com/api/player.js""></script>",,"Traditional Burial# Cremation# Green Burial# Traditional Burial, Cremation, and Green Burial",,,,,,,,,
Colonial Wojceichowski Funeral Home - Niles,Colonial Wojceichowski Funeral Home,213,,✅,✅,,✅,✅,✅,Colonial Wojciechowski- Landing Page,eeec92c325,,,,✅,,,www.preplanafuneral.com/colonial,http://info.preplanafuneral.com/getstarted?client_code=,http://info.preplanafuneral.com/getstarted?client_code=213,Laura Coffey,Internet Campaign - Colonial Wojciechowski Funeral Home - Niles,701U0000000CIlu,7014O000001qGdZ,Brad Rushton,003U000000v1uVz,0054O000008r18A,001U000000lMVSD,,https://info.preplanafuneral.com/rs/852-LNK-689/images/colonial logo- small.png,,https://info.preplanafuneral.com/rs/852-LNK-689/images/Colonia.%20Niles.Header.png,"<div style=""padding:56.25% 0 0 0;position:relative;""><iframe src=""https://player.vimeo.com/video/823826592?h=bc453c71fe&amp;badge=0&amp;autopause=0&amp;player_id=0&amp;app_id=58479"" frameborder=""0"" allow=""autoplay; fullscreen; picture-in-picture"" allowfullscreen style=""position:absolute;top:0;left:0;width:100%;height:100%;"" title=""Preplanning Video""></iframe></div><script src=""https://player.vimeo.com/api/player.js""></script>",,,,,,www.colonialfuneral.com,colonial-wojceichowski-fh,,,,
Johnson-Williams Funeral Home- New Bern,Johnson-Williams Funeral Home,214,,1,1,1,1,1,1,,,,,1,1,,,https://preplanafuneral.com/johnsonwilliams,http://info.preplanafuneral.com/getstarted?client_code=,http://info.preplanafuneral.com/getstarted?client_code=214,Sabrina Simmons,Internet Campaign- Johnson-Williams Funeral Home,7014O000001qFkn,7014O000001qGcy,Pattye Williams,003U000000axZrJ,0054O000008r18A,001U000000VWG0I,,https://info.preplanafuneral.com/rs/852-LNK-689/images/Johnson Williams Logo-small.png,,https://info.preplanafuneral.com/rs/852-LNK-689/images/Johnson-Williams.header.png,"<div style=""padding:56.25% 0 0 0;position:relative;""><iframe src=""https://player.vimeo.com/video/823826592?h=bc453c71fe&amp;badge=0&amp;autopause=0&amp;player_id=0&amp;app_id=58479"" frameborder=""0"" allow=""autoplay; fullscreen; picture-in-picture"" allowfullscreen style=""position:absolute;top:0;left:0;width:100%;height:100%;"" title=""Preplanning Video""></iframe></div><script src=""https://player.vimeo.com/api/player.js""></script>",,,,,,,,,,,
Johnson's Funeral Home- Georgetown,Johnson's Funeral Home,215,,✅,✅,,✅,✅,✅,Johnson's Funeral Home- Landing Page,e4b80b49e6,,,,,,,https://preplanafuneral.com/johnsons,http://info.preplanafuneral.com/getstarted?client_code=,http://info.preplanafuneral.com/getstarted?client_code=215,Sabrina Simmons,Internet Campaign- Johnson's Funeral Home,7014O000001qFCo,7014O000001qGe8,Lynn Hisle,0034O000034EFUd,0054O00000AVKgZ,0014O00002MeGMa,,https://info.preplanafuneral.com/rs/852-LNK-689/images/JFH Logo-small.png,,https://info.preplanafuneral.com/rs/852-LNK-689/images/Johnson%27s.header.png,"<div style=""padding:56.25% 0 0 0;position:relative;""><iframe src=""https://player.vimeo.com/video/823826592?h=bc453c71fe&amp;badge=0&amp;autopause=0&amp;player_id=0&amp;app_id=58479"" frameborder=""0"" allow=""autoplay; fullscreen; picture-in-picture"" allowfullscreen style=""position:absolute;top:0;left:0;width:100%;height:100%;"" title=""Preplanning Video""></iframe></div><script src=""https://player.vimeo.com/api/player.js""></script>",,,,,,,,,,,
J.M. Dunbar Funeral Home & Crematory - Roebuck,J.M. Dunbar Funeral Home & Crematory,216,,,,,,,,,,,,,,,,www.preplanafuneral.com/jmdunbar,http://info.preplanafuneral.com/getstarted?client_code=,http://info.preplanafuneral.com/getstarted?client_code=216,,,,,Jimmie Dunbar,003U000001XEi3v,0054O000008r18A,001U000001VU92e,,https://info.preplanafuneral.com/rs/852-LNK-689/images/Dunbar%20Logo.jpg,,https://info.preplanafuneral.com/rs/852-LNK-689/images/JM.Dunbar.Header.png,"<div style=""padding:75% 0 0 0;position:relative;""><iframe src=""https://player.vimeo.com/video/823884273?h=46228c9084&amp;badge=0&amp;autopause=0&amp;player_id=0&amp;app_id=58479"" frameborder=""0"" allow=""autoplay; fullscreen; picture-in-picture"" allowfullscreen style=""position:absolute;top:0;left:0;width:100%;height:100%;"" title=""J.M. Dunbar Funeral Home Preplanning Video""></iframe></div><script src=""https://player.vimeo.com/api/player.js""></script>",,,custom video - old old Connor vid,,,,,,,,
Pines Funeral Home- Carthage,Pines Funeral Homes,217,,,,,,,,,,,,,,,,www.preplanafuneral.com/pines,http://info.preplanafuneral.com/getstarted?client_code=,http://info.preplanafuneral.com/getstarted?client_code=217,,,,7014O000001Tgoo,David Thomas,0034O000035KHqo,0054O000009hh9J,001U000000vqLKw,,https://info.preplanafuneral.com/rs/852-LNK-689/images/pines- small.png,,https://info.preplanafuneral.com/rs/852-LNK-689/images/Pines.header.png,"<div style=""padding:56.25% 0 0 0;position:relative;""><iframe src=""https://player.vimeo.com/video/823826592?h=bc453c71fe&amp;badge=0&amp;autopause=0&amp;player_id=0&amp;app_id=58479"" frameborder=""0"" allow=""autoplay; fullscreen; picture-in-picture"" allowfullscreen style=""position:absolute;top:0;left:0;width:100%;height:100%;"" title=""Preplanning Video""></iframe></div><script src=""https://player.vimeo.com/api/player.js""></script>",2 Buttons- POM Kit & Cemetery Information,"Traditional Burial# Cremation# Cemetery Information# Traditional Burial, Cremation, and Cemetary Information",,,,,,,,,
"Biereley-Hale Funeral Home, Inc. - Madisonville","Biereley-Hale Funeral Home, Inc.",218,,,,,,,,,,,,,,,,www.preplanafuneral.com/biereleyhale,http://info.preplanafuneral.com/getstarted?client_code=,http://info.preplanafuneral.com/getstarted?client_code=218,,,,,David Tallent,0030B00001yxM2C,0054O000008r18A,0010B00001oGzD7,,,,,,,,,,,,,,,,
,,,,,,,,,,,,,,,,,,,,,,,,,,,,,15,,,,,,,,,,,,,,,